,Año,Trimestre,Provincia,ADSL,Cablemodem,Fibra óptica,Wireless,Otros,Total,Unnamed: 9,Unnamed: 10,Unnamed: 11,Unnamed: 12,Unnamed: 13,Unnamed: 14,Unnamed: 15,Unnamed: 16,Unnamed: 17
0,2022,4,Buenos Aires,325908,2767247,1499149,129910,72451,4794665,,,Buenos Aires,325908.0,2767247.0,1499149.0,129910.0,72451.0,4794665.0
1,2022,4,Capital Federal,138753,1238196,138548,4603,31826,1551926,,,Capital Federal,138753.0,1238196.0,138548.0,4603.0,31826.0,1551926.0
2,2022,4,Catamarca,8952,10998,47337,1379,2243,70909,,,Catamarca,8952.0,10998.0,47337.0,1379.0,2243.0,70909.0
3,2022,4,Chaco,24582,61265,47285,7957,2574,143663,,,Chaco,24582.0,61265.0,47285.0,7957.0,2574.0,143663.0
4,2022,4,Chubut,45450,73923,9815,30721,8850,168759,,,Chubut,45450.0,73923.0,9815.0,30721.0,8850.0,168759.0
5,2022,4,Córdoba,152265,456947,367393,61631,11424,1049660,,,Córdoba,152265.0,456947.0,367393.0,61631.0,11424.0,1049660.0
6,2022,4,Corrientes,34038,80283,26752,9082,5298,155453,,,Corrientes,34038.0,80283.0,26752.0,9082.0,5298.0,155453.0
7,2022,4,Entre Ríos,55507,135746,40798,26414,12509,270974,,,Entre Ríos,55507.0,135746.0,40798.0,26414.0,12509.0,270974.0
8,2022,4,Formosa,13735,17068,13118,17692,227,61840,,,Formosa,13735.0,17068.0,13118.0,17692.0,227.0,61840.0
9,2022,4,Jujuy,17880,52390,42626,4067,1255,118218,,,Jujuy,17880.0,52390.0,42626.0,4067.0,1255.0,118218.0
10,2022,4,La Pampa,7785,60566,24552,19995,1266,114164,,,La Pampa,7785.0,60566.0,24552.0,19995.0,1266.0,114164.0
11,2022,4,La Rioja,6120,54387,19328,6395,32,86262,,,La Rioja,6120.0,54387.0,19328.0,6395.0,32.0,86262.0
12,2022,4,Mendoza,37655,77814,147080,27607,1948,292104,,,Mendoza,37655.0,77814.0,147080.0,27607.0,1948.0,292104.0
13,2022,4,Misiones,33204,87202,46885,11075,7903,186269,,,Misiones,33204.0,87202.0,46885.0,11075.0,7903.0,186269.0
14,2022,4,Neuquén,28609,72679,31567,23815,3510,160180,,,Neuquén,28609.0,72679.0,31567.0,23815.0,3510.0,160180.0
15,2022,4,Río Negro,34043,48401,43958,16277,19413,162092,,,Río Negro,34043.0,48401.0,43958.0,16277.0,19413.0,162092.0
16,2022,4,Salta,36939,97023,53470,11884,6544,205860,,,Salta,36939.0,97023.0,53470.0,11884.0,6544.0,205860.0
17,2022,4,San Juan,38570,22913,12491,21912,7940,103826,,,San Juan,38570.0,22913.0,12491.0,21912.0,7940.0,103826.0
18,2022,4,San Luis,6283,43460,3409,81557,511,135220,,,San Luis,6283.0,43460.0,3409.0,81557.0,511.0,135220.0
19,2022,4,Santa Cruz,9702,23876,12217,3746,662,50203,,,Santa Cruz,9702.0,23876.0,12217.0,3746.0,662.0,50203.0
20,2022,4,Santa Fe,163621,412157,248558,44113,19242,887691,,,Santa Fe,163621.0,412157.0,248558.0,44113.0,19242.0,887691.0
21,2022,4,Santiago Del Estero,13577,80955,15117,6911,2934,119494,,,Santiago Del Estero,13577.0,80955.0,15117.0,6911.0,2934.0,119494.0
22,2022,4,Tierra Del Fuego,12754,41293,405,157,651,55260,,,Tierra Del Fuego,12754.0,41293.0,405.0,157.0,651.0,55260.0
23,2022,4,Tucumán,69441,20668,168717,4069,527,263422,,,Tucumán,69441.0,20668.0,168717.0,4069.0,527.0,263422.0
24,2022,3,Buenos Aires,339648,2748325,1436433,126846,70416,4721668,,,Z_Total,1315373.0,6037457.0,3060575.0,572969.0,221740.0,11208114.0
25,2022,3,Capital Federal,140791,1240125,129218,5758,31787,1547679,,,,,,,,,
26,2022,3,Catamarca,10010,10495,46224,1329,2235,70293,,,,,,,,,
27,2022,3,Chaco,27164,61800,44645,8178,2359,144146,,,,,,,,,
28,2022,3,Chubut,45377,72212,9574,29784,8831,165778,,,,,,,,,
29,2022,3,Córdoba,163770,465461,338570,61070,9797,1038668,,,,,,,,,
30,2022,3,Corrientes,36508,77140,18619,7256,5323,144846,,,,,,,,,
31,2022,3,Entre Ríos,60345,132952,36971,26098,12593,268959,,,,,,,,,
32,2022,3,Formosa,14470,25880,11041,16935,212,68538,,,,,,,,,
33,2022,3,Jujuy,19257,52978,40172,4033,2383,118823,,,,,,,,,
34,2022,3,La Pampa,7796,60078,23551,20216,4451,116092,,,,,,,,,
35,2022,3,La Rioja,6842,53899,19697,6395,31,86864,,,,,,,,,
36,2022,3,Mendoza,37659,78858,142615,27625,2766,289523,,,,,,,,,
37,2022,3,Misiones,35513,88902,39046,11074,7622,182157,,,,,,,,,
38,2022,3,Neuquén,29352,75815,29396,27482,1116,163161,,,,,,,,,
39,2022,3,Río Negro,35552,48260,41017,16760,18969,160558,,,,,,,,,
40,2022,3,Salta,40006,96984,50254,10082,7215,204541,,,,,,,,,
41,2022,3,San Juan,38570,22723,12328,21860,7918,103399,,,,,,,,,
42,2022,3,San Luis,6860,29363,248,70614,14985,122070,,,,,,,,,
43,2022,3,Santa Cruz,10170,24047,10815,3896,582,49510,,,,,,,,,
44,2022,3,Santa Fe,183740,426255,215189,43079,19547,887810,,,,,,,,,
45,2022,3,Santiago Del Estero,15385,80937,13170,6618,2922,119032,,,,,,,,,
46,2022,3,Tierra Del Fuego,12754,39963,403,125,651,53896,,,,,,,,,
47,2022,3,Tucumán,77738,18518,162345,3997,519,263117,,,,,,,,,
48,2022,2,Buenos Aires,350652,2719613,1399043,126847,71028,4667183,,,,,,,,,
49,2022,2,Capital Federal,145491,1232226,121506,5757,31791,1536771,,,,,,,,,
50,2022,2,Catamarca,11928,9430,42087,1329,2234,67008,,,,,,,,,
51,2022,2,Chaco,29552,61284,42194,8178,2356,143564,,,,,,,,,
52,2022,2,Chubut,45377,69242,9574,29784,8828,162805,,,,,,,,,
53,2022,2,Córdoba,179181,467595,308895,61107,9657,1026435,,,,,,,,,
54,2022,2,Corrientes,38468,75769,18181,7256,5323,144997,,,,,,,,,
55,2022,2,Entre Ríos,63794,131029,35839,26098,12592,269352,,,,,,,,,
56,2022,2,Formosa,15397,25487,9875,16910,212,67881,,,,,,,,,
57,2022,2,Jujuy,20303,54495,34184,3955,2377,115314,,,,,,,,,
58,2022,2,La Pampa,7796,59273,22994,20200,1264,111527,,,,,,,,,
59,2022,2,La Rioja,7759,52656,19189,6395,31,86030,,,,,,,,,
60,2022,2,Mendoza,37663,77504,135504,26964,1927,279562,,,,,,,,,
61,2022,2,Misiones,37208,89260,33649,11074,7622,178813,,,,,,,,,
62,2022,2,Neuquén,29749,74905,28824,27371,1119,161968,,,,,,,,,
63,2022,2,Río Negro,36050,47040,40946,16760,18968,159764,,,,,,,,,
64,2022,2,Salta,42665,96178,47076,10068,7190,203177,,,,,,,,,
65,2022,2,San Juan,38570,19734,12328,21859,7916,100407,,,,,,,,,
66,2022,2,San Luis,6860,29034,248,70614,14985,121741,,,,,,,,,
67,2022,2,Santa Cruz,10170,23725,10815,3896,579,49185,,,,,,,,,
68,2022,2,Santa Fe,198492,428233,189503,43081,19550,878859,,,,,,,,,
69,2022,2,Santiago Del Estero,16561,80338,11605,6618,2922,118044,,,,,,,,,
70,2022,2,Tierra Del Fuego,12754,39837,403,125,651,53770,,,,,,,,,
71,2022,2,Tucumán,85893,15327,148823,3997,487,254527,,,,,,,,,
72,2022,1,Buenos Aires,392045,2728865,1242121,125521,66872,4555424,,,,,,,,,
73,2022,1,Capital Federal,102290,1217225,62308,5784,29934,1417541,,,,,,,,,
74,2022,1,Catamarca,14181,15517,29118,1328,2234,62378,,,,,,,,,
75,2022,1,Chaco,32391,64546,36662,8164,2356,144119,,,,,,,,,
76,2022,1,Chubut,44133,66667,9184,30592,21052,171628,,,,,,,,,
77,2022,1,Córdoba,195610,501799,235838,60843,9713,1003803,,,,,,,,,
78,2022,1,Corrientes,40462,79093,10875,6774,5374,142578,,,,,,,,,
79,2022,1,Entre Ríos,67159,138986,23091,26098,12592,267926,,,,,,,,,
80,2022,1,Formosa,16397,15927,5146,16876,202,54548,,,,,,,,,
81,2022,1,Jujuy,21307,60616,25949,4662,3975,116509,,,,,,,,,
82,2022,1,La Pampa,8003,58978,21739,19903,1109,109732,,,,,,,,,
83,2022,1,La Rioja,9103,59228,9546,6395,31,84303,,,,,,,,,
84,2022,1,Mendoza,49464,74145,123228,26969,1379,275185,,,,,,,,,
85,2022,1,Misiones,39147,91752,25178,7807,7624,171508,,,,,,,,,
86,2022,1,Neuquén,28443,73200,24193,23098,745,149679,,,,,,,,,
87,2022,1,Río Negro,38662,45366,38037,16815,18494,157374,,,,,,,,,
88,2022,1,Salta,44714,98667,40994,5950,7190,197515,,,,,,,,,
89,2022,1,San Juan,34038,14449,11294,20723,7674,88178,,,,,,,,,
90,2022,1,San Luis,7987,11296,31,71809,28721,119844,,,,,,,,,
91,2022,1,Santa Cruz,10537,23420,10766,3974,405,49102,,,,,,,,,
92,2022,1,Santa Fe,213486,444609,146552,45261,20571,870479,,,,,,,,,
93,2022,1,Santiago Del Estero,18118,87979,1093,6349,2922,116461,,,,,,,,,
94,2022,1,Tierra Del Fuego,13031,38700,416,124,340,52611,,,,,,,,,
95,2022,1,Tucumán,92532,62396,86174,3995,487,245584,,,,,,,,,
96,2021,4,Buenos Aires,426325,2706506,1176024,126887,73415,4509157,,,,,,,,,
97,2021,4,Capital Federal,111360,1205128,60005,5679,29947,1412119,,,,,,,,,
98,2021,4,Catamarca,16385,13858,25100,1512,2235,59090,,,,,,,,,
99,2021,4,Chaco,35548,63145,34688,8005,2359,143745,,,,,,,,,
100,2021,4,Chubut,46361,57412,9655,28041,18839,160308,,,,,,,,,
101,2021,4,Córdoba,212011,487489,217214,61277,8779,986770,,,,,,,,,
102,2021,4,Corrientes,42523,71183,10138,6778,5290,135912,,,,,,,,,
103,2021,4,Entre Ríos,70459,133387,23452,25022,12726,265046,,,,,,,,,
104,2021,4,Formosa,17211,15111,5151,16018,172,53663,,,,,,,,,
105,2021,4,Jujuy,22330,60511,24156,2927,3991,113915,,,,,,,,,
106,2021,4,La Pampa,8175,58000,20192,19286,1354,107007,,,,,,,,,
107,2021,4,La Rioja,10387,56651,9446,6613,31,83128,,,,,,,,,
108,2021,4,Mendoza,59842,71553,109667,24666,1859,267587,,,,,,,,,
109,2021,4,Misiones,41778,92068,22035,7649,7602,171132,,,,,,,,,
110,2021,4,Neuquén,29175,72761,23253,21531,746,147466,,,,,,,,,
111,2021,4,Río Negro,42037,44495,32212,16558,18451,153753,,,,,,,,,
112,2021,4,Salta,46972,99808,39555,5882,7188,199405,,,,,,,,,
113,2021,4,San Juan,35868,13102,11072,11423,8493,79958,,,,,,,,,
114,2021,4,San Luis,8472,11064,30,70560,28723,118849,,,,,,,,,
115,2021,4,Santa Cruz,10790,22902,10031,4346,417,48486,,,,,,,,,
116,2021,4,Santa Fe,233427,444373,128856,43556,16229,866441,,,,,,,,,
117,2021,4,Santiago Del Estero,19032,86563,1088,6256,2922,115861,,,,,,,,,
118,2021,4,Tierra Del Fuego,13317,38148,426,124,342,52357,,,,,,,,,
119,2021,4,Tucumán,97830,59022,78790,2511,486,238639,,,,,,,,,
120,2021,3,Buenos Aires,585729,2595485,885613,120228,64554,4251609,,,,,,,,,
121,2021,3,Capital Federal,142902,1192107,42966,6059,29371,1413405,,,,,,,,,
122,2021,3,Catamarca,18413,11709,22331,1568,2233,56254,,,,,,,,,
123,2021,3,Chaco,38258,63659,27583,8018,2353,139871,,,,,,,,,
124,2021,3,Chubut,49269,55794,8946,23376,18681,156066,,,,,,,,,
125,2021,3,Córdoba,229275,477223,167495,57617,15178,946788,,,,,,,,,
126,2021,3,Corrientes,44805,69403,7542,6766,5303,133819,,,,,,,,,
127,2021,3,Entre Ríos,74443,128752,20485,23500,13195,260375,,,,,,,,,
128,2021,3,Formosa,18093,14111,4730,15690,171,52795,,,,,,,,,
129,2021,3,Jujuy,23554,60758,19926,2952,3968,111158,,,,,,,,,
130,2021,3,La Pampa,9015,57881,17817,14479,1295,100487,,,,,,,,,
131,2021,3,La Rioja,11329,54744,9444,6613,30,82160,,,,,,,,,
132,2021,3,Mendoza,91474,71247,70579,21811,828,255939,,,,,,,,,
133,2021,3,Misiones,43230,89469,10969,7198,7662,158528,,,,,,,,,
134,2021,3,Neuquén,29650,73794,16455,19270,640,139809,,,,,,,,,
135,2021,3,Río Negro,47934,44519,18725,15031,18376,144585,,,,,,,,,
136,2021,3,Salta,49212,98318,36126,5724,6453,195833,,,,,,,,,
137,2021,3,San Juan,40072,12922,6670,11372,8447,79483,,,,,,,,,
138,2021,3,San Luis,8417,11884,27,68856,28680,117864,,,,,,,,,
139,2021,3,Santa Cruz,12347,22961,6328,4269,3071,48976,,,,,,,,,
140,2021,3,Santa Fe,245929,443156,93412,43447,15640,841584,,,,,,,,,
141,2021,3,Santiago Del Estero,19939,85535,909,6147,2928,115458,,,,,,,,,
142,2021,3,Tierra Del Fuego,12853,36958,6,16,390,50223,,,,,,,,,
143,2021,3,Tucumán,104489,53868,70964,2408,743,232472,,,,,,,,,
144,2021,2,Buenos Aires,603255,2503830,854173,113546,57547,4132351,,,,,,,,,
145,2021,2,Capital Federal,148989,1175097,41318,5580,29371,1400355,,,,,,,,,
146,2021,2,Catamarca,20305,9426,22331,1449,2233,55744,,,,,,,,,
147,2021,2,Chaco,39826,62948,27584,8018,2353,140729,,,,,,,,,
148,2021,2,Chubut,49271,41497,6081,23682,18706,139237,,,,,,,,,
149,2021,2,Córdoba,239780,467782,151855,55944,15519,930880,,,,,,,,,
150,2021,2,Corrientes,46648,67262,3731,6557,5303,129501,,,,,,,,,
151,2021,2,Entre Ríos,77836,124957,17856,23786,13197,257632,,,,,,,,,
152,2021,2,Formosa,19571,12509,3610,15690,171,51551,,,,,,,,,
153,2021,2,Jujuy,24738,60800,19611,2731,3968,111848,,,,,,,,,
154,2021,2,La Pampa,9017,57014,17132,13209,1295,97667,,,,,,,,,
155,2021,2,La Rioja,11627,54255,9445,6245,30,81602,,,,,,,,,
156,2021,2,Mendoza,91503,70834,44696,21811,827,229671,,,,,,,,,
157,2021,2,Misiones,44960,87861,10376,5317,7662,156176,,,,,,,,,
158,2021,2,Neuquén,30083,72690,15619,19218,640,138250,,,,,,,,,
159,2021,2,Río Negro,48189,43761,18727,15031,18376,144084,,,,,,,,,
160,2021,2,Salta,51396,96016,32050,5724,6453,191639,,,,,,,,,
161,2021,2,San Juan,40072,12369,6673,11372,8447,78933,,,,,,,,,
162,2021,2,San Luis,8417,11308,28,66860,36205,122818,,,,,,,,,
163,2021,2,Santa Cruz,12347,22967,6328,4269,3071,48982,,,,,,,,,
164,2021,2,Santa Fe,256741,431915,90424,43997,17523,840600,,,,,,,,,
165,2021,2,Santiago Del Estero,20734,83770,909,5081,3596,114090,,,,,,,,,
166,2021,2,Tierra Del Fuego,12853,22504,6,14,316,35693,,,,,,,,,
167,2021,2,Tucumán,110429,48359,71683,1837,743,233051,,,,,,,,,
168,2021,1,Buenos Aires,629679,2452056,821597,98806,57864,4060002,,,,,,,,,
169,2021,1,Capital Federal,159805,1145093,39980,5559,29236,1379673,,,,,,,,,
170,2021,1,Catamarca,26316,4409,18688,322,2233,51968,,,,,,,,,
171,2021,1,Chaco,43214,61251,25426,8004,1875,139770,,,,,,,,,
172,2021,1,Chubut,45501,40960,3444,23723,18712,132340,,,,,,,,,
173,2021,1,Córdoba,260350,444695,134634,54137,17065,910881,,,,,,,,,
174,2021,1,Corrientes,49160,62876,3337,5949,5303,126625,,,,,,,,,
175,2021,1,Entre Ríos,83688,118424,16846,20836,12169,251963,,,,,,,,,
176,2021,1,Formosa,20663,11412,2562,15669,380,50686,,,,,,,,,
177,2021,1,Jujuy,32254,54324,17322,2677,3879,110456,,,,,,,,,
178,2021,1,La Pampa,8946,58711,15779,12369,1300,97105,,,,,,,,,
179,2021,1,La Rioja,17363,34984,1,250,30,52628,,,,,,,,,
180,2021,1,Mendoza,91844,69295,38619,18332,833,218923,,,,,,,,,
181,2021,1,Misiones,48292,82339,7064,4796,6896,149387,,,,,,,,,
182,2021,1,Neuquén,30223,70457,14171,17752,632,133235,,,,,,,,,
183,2021,1,Río Negro,48777,42192,17828,13994,18377,141168,,,,,,,,,
184,2021,1,Salta,54768,89187,31498,5669,6452,187574,,,,,,,,,
185,2021,1,San Juan,40072,11589,6671,11482,8453,78267,,,,,,,,,
186,2021,1,San Luis,8417,10678,28,63826,36205,119154,,,,,,,,,
187,2021,1,Santa Cruz,12347,23089,5975,4264,390,46065,,,,,,,,,
188,2021,1,Santa Fe,277012,421480,70976,39140,17519,826127,,,,,,,,,
189,2021,1,Santiago Del Estero,26468,75849,570,5158,3596,111641,,,,,,,,,
190,2021,1,Tierra Del Fuego,12853,27247,6,0,316,40422,,,,,,,,,
191,2021,1,Tucumán,147199,12185,69954,1834,740,231912,,,,,,,,,
192,2020,4,Buenos Aires,635651,2441248,804991,93444,57927,4033261,,,,,,,,,
193,2020,4,Capital Federal,163060,1142528,39890,4815,29237,1379530,,,,,,,,,
194,2020,4,Catamarca,26870,5115,17856,322,2233,52396,,,,,,,,,
195,2020,4,Chaco,44332,61200,23687,7997,1875,139091,,,,,,,,,
196,2020,4,Chubut,45703,39756,3040,23363,18712,130574,,,,,,,,,
197,2020,4,Córdoba,267396,439322,125620,52827,17536,902701,,,,,,,,,
198,2020,4,Corrientes,50102,61495,3146,5626,5290,125659,,,,,,,,,
199,2020,4,Entre Ríos,85683,113670,15653,20206,12169,247381,,,,,,,,,
200,2020,4,Formosa,21264,10789,2432,15341,380,50206,,,,,,,,,
201,2020,4,Jujuy,32850,52815,15639,1077,3470,105851,,,,,,,,,
202,2020,4,La Pampa,9009,58945,15432,12194,1315,96895,,,,,,,,,
203,2020,4,La Rioja,17513,34984,1,250,30,52778,,,,,,,,,
204,2020,4,Mendoza,91842,68364,36083,18331,833,215453,,,,,,,,,
205,2020,4,Misiones,49462,79855,6589,4359,6896,147161,,,,,,,,,
206,2020,4,Neuquén,30468,70614,13732,17689,632,133135,,,,,,,,,
207,2020,4,Río Negro,48991,42022,17826,13994,18377,141210,,,,,,,,,
208,2020,4,Salta,56659,87817,30604,5858,6452,187390,,,,,,,,,
209,2020,4,San Juan,40072,7004,6599,10468,8453,72596,,,,,,,,,
210,2020,4,San Luis,8417,11767,27,63019,36205,119435,,,,,,,,,
211,2020,4,Santa Cruz,12347,19657,1041,4659,2970,40674,,,,,,,,,
212,2020,4,Santa Fe,287271,414746,62692,38712,17392,820813,,,,,,,,,
213,2020,4,Santiago Del Estero,26812,70522,570,5169,3596,106669,,,,,,,,,
214,2020,4,Tierra Del Fuego,12853,26439,6,0,316,39614,,,,,,,,,
215,2020,4,Tucumán,149322,11150,68043,1834,740,231089,,,,,,,,,
216,2020,3,Buenos Aires,653930,2384557,749087,94162,55541,3937277,,,,,,,,,
217,2020,3,Capital Federal,170375,1129573,39417,3936,29374,1372675,,,,,,,,,
218,2020,3,Catamarca,26868,3690,16857,261,2228,49904,,,,,,,,,
219,2020,3,Chaco,45745,58825,20675,6706,2003,133954,,,,,,,,,
220,2020,3,Chubut,45761,39386,2897,23216,18767,130027,,,,,,,,,
221,2020,3,Córdoba,276360,430771,102217,48368,9756,867472,,,,,,,,,
222,2020,3,Corrientes,50858,58681,2960,5513,5379,123391,,,,,,,,,
223,2020,3,Entre Ríos,87892,106950,13954,20379,12320,241495,,,,,,,,,
224,2020,3,Formosa,21790,10003,2000,15023,393,49209,,,,,,,,,
225,2020,3,Jujuy,32611,57682,11112,952,4371,106728,,,,,,,,,
226,2020,3,La Pampa,9015,56845,14677,11893,1305,93735,,,,,,,,,
227,2020,3,La Rioja,17346,34984,1,250,35,52616,,,,,,,,,
228,2020,3,Mendoza,91908,64672,32817,17523,868,207788,,,,,,,,,
229,2020,3,Misiones,50195,77989,2572,3445,8985,143186,,,,,,,,,
230,2020,3,Neuquén,30222,70446,11043,16787,737,129235,,,,,,,,,
231,2020,3,Río Negro,49530,40001,10381,13187,18368,131467,,,,,,,,,
232,2020,3,Salta,58216,84128,25445,5764,7293,180846,,,,,,,,,
233,2020,3,San Juan,40092,9223,5509,14023,8480,77327,,,,,,,,,
234,2020,3,San Luis,8401,10077,6,61828,36253,116565,,,,,,,,,
235,2020,3,Santa Cruz,12845,16098,1027,6938,2373,39281,,,,,,,,,
236,2020,3,Santa Fe,295051,405807,45721,37112,19307,802998,,,,,,,,,
237,2020,3,Santiago Del Estero,26419,70720,555,4185,3613,105492,,,,,,,,,
238,2020,3,Tierra Del Fuego,12854,26491,0,0,310,39655,,,,,,,,,
239,2020,3,Tucumán,149605,11752,59949,1808,762,223876,,,,,,,,,
240,2020,2,Buenos Aires,661272,2244277,723072,91736,57189,3777546,,,,,,,,,
241,2020,2,Capital Federal,178896,1106133,39482,3937,29373,1357821,,,,,,,,,
242,2020,2,Catamarca,26968,3641,14878,261,2228,47976,,,,,,,,,
243,2020,2,Chaco,46816,56017,17266,6452,1581,128132,,,,,,,,,
244,2020,2,Chubut,45761,38279,1324,17678,5614,108656,,,,,,,,,
245,2020,2,Córdoba,282858,415007,85818,44522,8263,836468,,,,,,,,,
246,2020,2,Corrientes,51248,55536,3144,3927,5011,118866,,,,,,,,,
247,2020,2,Entre Ríos,89391,99423,13954,20042,11303,234113,,,,,,,,,
248,2020,2,Formosa,21805,9353,1882,14723,169,47932,,,,,,,,,
249,2020,2,Jujuy,32705,38938,5057,952,16664,94316,,,,,,,,,
250,2020,2,La Pampa,8551,54422,14232,11314,1290,89809,,,,,,,,,
251,2020,2,La Rioja,16885,34984,1,250,35,52155,,,,,,,,,
252,2020,2,Mendoza,91904,62941,29613,15924,802,201184,,,,,,,,,
253,2020,2,Misiones,50792,74497,2579,3319,9153,140340,,,,,,,,,
254,2020,2,Neuquén,30256,67990,11037,15755,1134,126172,,,,,,,,,
255,2020,2,Río Negro,49756,39650,10382,11331,18367,129486,,,,,,,,,
256,2020,2,Salta,59502,81740,24289,5123,7108,177762,,,,,,,,,
257,2020,2,San Juan,40092,8275,5509,7019,8882,69777,,,,,,,,,
258,2020,2,San Luis,8401,8357,6,60935,36253,113952,,,,,,,,,
259,2020,2,Santa Cruz,12845,16044,1027,6585,2368,38869,,,,,,,,,
260,2020,2,Santa Fe,299974,381679,46698,30487,19094,777932,,,,,,,,,
261,2020,2,Santiago Del Estero,25917,72074,355,3038,4063,105447,,,,,,,,,
262,2020,2,Tierra Del Fuego,12854,26025,0,0,310,39189,,,,,,,,,
263,2020,2,Tucumán,150084,9833,55120,1357,762,217156,,,,,,,,,
264,2020,1,Buenos Aires,673237,2210349,720688,85443,18334,3708051,,,,,,,,,
265,2020,1,Capital Federal,184494,1097635,38898,3911,28556,1353494,,,,,,,,,
266,2020,1,Catamarca,21945,3146,12056,261,2227,39635,,,,,,,,,
267,2020,1,Chaco,46356,54144,11958,6239,1580,120277,,,,,,,,,
268,2020,1,Chubut,45763,27287,1324,16885,5479,96738,,,,,,,,,
269,2020,1,Córdoba,286168,406109,68512,41617,8693,811099,,,,,,,,,
270,2020,1,Corrientes,51126,53231,2172,2437,5004,113970,,,,,,,,,
271,2020,1,Entre Ríos,90368,95434,13245,18737,14062,231846,,,,,,,,,
272,2020,1,Formosa,21068,8887,1800,14510,169,46434,,,,,,,,,
273,2020,1,Jujuy,32066,38938,3078,942,16641,91665,,,,,,,,,
274,2020,1,La Pampa,8553,53755,13821,11295,1802,89226,,,,,,,,,
275,2020,1,La Rioja,13076,34984,0,251,29,48340,,,,,,,,,
276,2020,1,Mendoza,91955,50251,28059,12465,722,183452,,,,,,,,,
277,2020,1,Misiones,51458,69452,1220,460,10962,133552,,,,,,,,,
278,2020,1,Neuquén,29305,65951,11031,14711,729,121727,,,,,,,,,
279,2020,1,Río Negro,47756,38479,10381,11222,18362,126200,,,,,,,,,
280,2020,1,Salta,60426,75593,23025,4125,7212,170381,,,,,,,,,
281,2020,1,San Juan,40092,6448,5508,7082,5101,64231,,,,,,,,,
282,2020,1,San Luis,8301,7612,5,58301,36333,110552,,,,,,,,,
283,2020,1,Santa Cruz,12845,15766,1026,6817,2368,38822,,,,,,,,,
284,2020,1,Santa Fe,302366,383673,35123,30488,19468,771118,,,,,,,,,
285,2020,1,Santiago Del Estero,24695,70424,200,2779,4657,102755,,,,,,,,,
286,2020,1,Tierra Del Fuego,12854,25632,0,0,308,38794,,,,,,,,,
287,2020,1,Tucumán,143184,10494,44687,1355,347,200067,,,,,,,,,
288,2019,4,Buenos Aires,720011,2191672,669194,87111,18266,3686254,,,,,,,,,
289,2019,4,Capital Federal,196938,1093143,35534,3914,28576,1358105,,,,,,,,,
290,2019,4,Catamarca,22999,3318,9506,261,2227,38311,,,,,,,,,
291,2019,4,Chaco,48661,53602,8831,5229,1580,117903,,,,,,,,,
292,2019,4,Chubut,47045,26977,1324,15267,5489,96102,,,,,,,,,
293,2019,4,Córdoba,296872,410038,53335,37750,8693,806688,,,,,,,,,
294,2019,4,Corrientes,52525,51845,2002,2458,5004,113834,,,,,,,,,
295,2019,4,Entre Ríos,92981,99206,12875,18561,15407,239030,,,,,,,,,
296,2019,4,Formosa,21567,8684,1760,14531,169,46711,,,,,,,,,
297,2019,4,Jujuy,32949,37604,873,814,16641,88881,,,,,,,,,
298,2019,4,La Pampa,15457,56854,4942,11341,1805,90399,,,,,,,,,
299,2019,4,La Rioja,13738,34984,0,251,29,49002,,,,,,,,,
300,2019,4,Mendoza,96678,49711,24989,13672,730,185780,,,,,,,,,
301,2019,4,Misiones,53116,69676,847,441,11733,135813,,,,,,,,,
302,2019,4,Neuquén,29826,60970,10549,14246,854,116445,,,,,,,,,
303,2019,4,Río Negro,49747,37933,9658,11437,18365,127140,,,,,,,,,
304,2019,4,Salta,63272,76062,21865,3040,8206,172445,,,,,,,,,
305,2019,4,San Juan,41360,6338,4931,7241,5104,64974,,,,,,,,,
306,2019,4,San Luis,8569,8027,6,55266,36333,108201,,,,,,,,,
307,2019,4,Santa Cruz,13264,15899,1036,6800,2371,39370,,,,,,,,,
308,2019,4,Santa Fe,312072,382254,27464,26978,20401,769169,,,,,,,,,
309,2019,4,Santiago Del Estero,24682,71239,200,2810,4657,103588,,,,,,,,,
310,2019,4,Tierra Del Fuego,13261,26821,0,0,310,40392,,,,,,,,,
311,2019,4,Tucumán,146985,11012,39574,725,348,198644,,,,,,,,,
312,2019,3,Buenos Aires,1277249,2144956,425386,85572,27070,3960233,,,,,,,,,
313,2019,3,Capital Federal,300288,1080973,24900,3895,31155,1441211,,,,,,,,,
314,2019,3,Catamarca,24349,5543,13,244,2251,32400,,,,,,,,,
315,2019,3,Chaco,50416,49156,8063,5224,1592,114451,,,,,,,,,
316,2019,3,Chubut,37298,27090,1917,15149,7551,89005,,,,,,,,,
317,2019,3,Córdoba,307780,399231,30064,37277,8701,783053,,,,,,,,,
318,2019,3,Corrientes,53344,50230,1888,2458,4839,112759,,,,,,,,,
319,2019,3,Entre Ríos,94947,96305,12888,18530,15432,238102,,,,,,,,,
320,2019,3,Formosa,21777,8359,1476,14292,162,46066,,,,,,,,,
321,2019,3,Jujuy,33110,35742,274,812,16638,86576,,,,,,,,,
322,2019,3,La Pampa,19469,52941,4994,11462,1962,90828,,,,,,,,,
323,2019,3,La Rioja,14390,34984,11,251,41,49677,,,,,,,,,
324,2019,3,Mendoza,148640,54312,6865,12975,1545,224337,,,,,,,,,
325,2019,3,Misiones,54493,65872,829,419,12270,133883,,,,,,,,,
326,2019,3,Neuquén,43347,60484,5560,13512,2518,125421,,,,,,,,,
327,2019,3,Río Negro,67478,37425,9739,10806,18847,144295,,,,,,,,,
328,2019,3,Salta,65799,74329,733,1580,9394,151835,,,,,,,,,
329,2019,3,San Juan,51670,7425,1227,7241,5535,73098,,,,,,,,,
330,2019,3,San Luis,13037,10561,350,62286,36466,122700,,,,,,,,,
331,2019,3,Santa Cruz,10663,17056,969,6544,2738,37970,,,,,,,,,
332,2019,3,Santa Fe,319396,377171,18690,24269,21408,760934,,,,,,,,,
333,2019,3,Santiago Del Estero,24556,71198,219,2759,34400,133132,,,,,,,,,
334,2019,3,Tierra Del Fuego,19790,26659,651,0,1487,48587,,,,,,,,,
335,2019,2,Tucumán,150918,12089,116,684,324,164131,,,,,,,,,
336,2019,2,Buenos Aires,1284658,2079900,382971,75240,32929,3855698,,,,,,,,,
337,2019,2,Capital Federal,309937,1061358,36082,3962,4281,1415620,,,,,,,,,
338,2019,2,Catamarca,25682,5543,13,146,2251,33635,,,,,,,,,
339,2019,2,Chaco,50765,47448,4203,4727,1591,108734,,,,,,,,,
340,2019,2,Chubut,37313,26338,1917,14443,7545,87556,,,,,,,,,
341,2019,2,Córdoba,314768,388254,23023,33847,15236,775128,,,,,,,,,
342,2019,2,Corrientes,53835,47431,1701,2444,6138,111549,,,,,,,,,
343,2019,2,Entre Ríos,97081,91081,12764,17369,17529,235824,,,,,,,,,
344,2019,2,Formosa,21916,8686,1382,14292,162,46438,,,,,,,,,
345,2019,2,Jujuy,33022,30742,274,812,21857,86707,,,,,,,,,
346,2019,2,La Pampa,19471,52101,4840,10789,3004,90205,,,,,,,,,
347,2019,2,La Rioja,15014,34984,11,251,41,50301,,,,,,,,,
348,2019,2,Mendoza,148673,54027,6865,12748,1544,223857,,,,,,,,,
349,2019,2,Misiones,55373,64272,543,421,12269,132878,,,,,,,,,
350,2019,2,Neuquén,43420,59021,4983,12792,2737,122953,,,,,,,,,
351,2019,2,Río Negro,67841,36527,4037,10485,19657,138547,,,,,,,,,
352,2019,2,Salta,68827,62343,725,1210,9463,142568,,,,,,,,,
353,2019,2,San Juan,51680,7425,1174,2870,6876,70025,,,,,,,,,
354,2019,2,San Luis,11130,10298,347,57242,38368,117385,,,,,,,,,
355,2019,2,Santa Cruz,10665,10257,379,6514,2735,30550,,,,,,,,,
356,2019,2,Santa Fe,325420,355140,18236,21980,22708,743484,,,,,,,,,
357,2019,2,Santiago Del Estero,24393,64783,219,2759,34600,126754,,,,,,,,,
358,2019,2,Tierra Del Fuego,19790,25527,651,0,1486,47454,,,,,,,,,
359,2019,2,Tucumán,153121,12089,116,684,321,166331,,,,,,,,,
360,2019,1,Buenos Aires,1304507,2020730,336362,64867,20201,3746667,,,,,,,,,
361,2019,1,Capital Federal,328246,1030814,32281,3978,4281,1399600,,,,,,,,,
362,2019,1,Catamarca,26912,4443,16,0,2251,33622,,,,,,,,,
363,2019,1,Chaco,53409,43555,1951,3628,1134,103677,,,,,,,,,
364,2019,1,Chubut,37302,23065,1923,14443,3045,79778,,,,,,,,,
365,2019,1,Córdoba,323272,363959,19902,24615,12367,744115,,,,,,,,,
366,2019,1,Corrientes,55842,43444,1615,1528,58,102487,,,,,,,,,
367,2019,1,Entre Ríos,100999,90253,12723,16231,12241,232447,,,,,,,,,
368,2019,1,Formosa,22570,7878,940,13761,62,45211,,,,,,,,,
369,2019,1,Jujuy,33248,12484,153,640,43622,90147,,,,,,,,,
370,2019,1,La Pampa,18832,57373,2891,9023,1041,89160,,,,,,,,,
371,2019,1,La Rioja,16367,34984,12,252,41,51656,,,,,,,,,
372,2019,1,Mendoza,148524,40205,5662,10363,1544,206298,,,,,,,,,
373,2019,1,Misiones,54898,59214,465,426,7717,122720,,,,,,,,,
374,2019,1,Neuquén,40747,55634,3114,12510,2372,114377,,,,,,,,,
375,2019,1,Río Negro,68377,34124,3994,9736,4857,121088,,,,,,,,,
376,2019,1,Salta,74426,57933,647,1135,1879,136020,,,,,,,,,
377,2019,1,San Juan,51660,5838,808,2932,1207,62445,,,,,,,,,
378,2019,1,San Luis,11108,7784,378,53097,23968,96335,,,,,,,,,
379,2019,1,Santa Cruz,10659,4615,382,6514,2735,24905,,,,,,,,,
380,2019,1,Santa Fe,340038,340344,15621,23215,17860,737078,,,,,,,,,
381,2019,1,Santiago Del Estero,25337,61547,23,2847,99,89853,,,,,,,,,
382,2019,1,Tierra Del Fuego,19789,23549,1623,0,1486,46447,,,,,,,,,
383,2019,1,Tucumán,159215,11670,118,678,321,172002,,,,,,,,,
384,2018,4,Buenos Aires,1305576,1949637,296102,65477,19814,3636606,,,,,,,,,
385,2018,4,Capital Federal,328253,1019490,33042,3978,4257,1389020,,,,,,,,,
386,2018,4,Catamarca,26912,4443,16,0,2212,33583,,,,,,,,,
387,2018,4,Chaco,53409,43555,1940,3236,1130,103270,,,,,,,,,
388,2018,4,Chubut,37215,23065,952,14443,3047,78722,,,,,,,,,
389,2018,4,Córdoba,328854,355716,17675,21851,13243,737339,,,,,,,,,
390,2018,4,Corrientes,55842,42418,796,1515,30,100601,,,,,,,,,
391,2018,4,Entre Ríos,101168,86198,4853,15472,14356,222047,,,,,,,,,
392,2018,4,Formosa,22619,7880,887,13761,57,45204,,,,,,,,,
393,2018,4,Jujuy,33248,12484,153,640,43608,90133,,,,,,,,,
394,2018,4,La Pampa,18832,55337,2685,7772,1010,85636,,,,,,,,,
395,2018,4,La Rioja,16367,34984,12,252,36,51651,,,,,,,,,
396,2018,4,Mendoza,148524,40205,5665,10363,1547,206304,,,,,,,,,
397,2018,4,Misiones,55500,53673,465,426,6209,116273,,,,,,,,,
398,2018,4,Neuquén,40747,55634,3115,12425,2444,114365,,,,,,,,,
399,2018,4,Río Negro,68377,34292,1299,8037,4832,116837,,,,,,,,,
400,2018,4,Salta,74295,57539,638,253,1853,134578,,,,,,,,,
401,2018,4,San Juan,51660,5838,806,2883,1211,62398,,,,,,,,,
402,2018,4,San Luis,11108,7784,378,53097,23964,96331,,,,,,,,,
403,2018,4,Santa Cruz,10659,4615,382,6378,2734,24768,,,,,,,,,
404,2018,4,Santa Fe,335519,322782,14387,18705,28997,720390,,,,,,,,,
405,2018,4,Santiago Del Estero,25339,61243,23,2649,81,89335,,,,,,,,,
406,2018,4,Tierra Del Fuego,19789,23349,1623,0,1499,46260,,,,,,,,,
407,2018,4,Tucumán,159215,11670,119,686,314,172004,,,,,,,,,
408,2018,3,Buenos Aires,1435856,1929273,156382,62318,26448,3610277,,,,,,,,,
409,2018,3,Capital Federal,334353,1009252,35694,3872,9319,1392490,,,,,,,,,
410,2018,3,Catamarca,27553,4443,15,1,2214,34226,,,,,,,,,
411,2018,3,Chaco,53927,42359,1990,2628,1129,102033,,,,,,,,,
412,2018,3,Chubut,58887,23065,1239,13817,6728,103736,,,,,,,,,
413,2018,3,Córdoba,337620,342401,15785,19213,10839,725858,,,,,,,,,
414,2018,3,Corrientes,56444,41300,212,1468,32,99456,,,,,,,,,
415,2018,3,Entre Ríos,103318,83714,2403,15093,80,204608,,,,,,,,,
416,2018,3,Formosa,22777,7589,817,13625,57,44865,,,,,,,,,
417,2018,3,Jujuy,33363,10856,32,641,43,44935,,,,,,,,,
418,2018,3,La Pampa,12415,54574,8437,7011,987,83424,,,,,,,,,
419,2018,3,La Rioja,16587,34984,13,253,35,51872,,,,,,,,,
420,2018,3,Mendoza,151033,40205,5744,8195,1852,207029,,,,,,,,,
421,2018,3,Misiones,56290,50793,512,391,56,108042,,,,,,,,,
422,2018,3,Neuquén,46602,54129,998,12277,2712,116718,,,,,,,,,
423,2018,3,Río Negro,68590,33474,1252,5051,5125,113492,,,,,,,,,
424,2018,3,Salta,76600,53980,678,234,1391,132883,,,,,,,,,
425,2018,3,San Juan,54025,5838,826,2744,1048,64481,,,,,,,,,
426,2018,3,San Luis,11096,7784,368,52859,2314,74421,,,,,,,,,
427,2018,3,Santa Cruz,18606,4574,585,6238,3996,33999,,,,,,,,,
428,2018,3,Santa Fe,339126,312866,11749,16337,15022,695100,,,,,,,,,
429,2018,3,Santiago Del Estero,25805,58789,23,1662,81,86360,,,,,,,,,
430,2018,3,Tierra Del Fuego,19365,22649,1502,1,2047,45564,,,,,,,,,
431,2018,3,Tucumán,161209,9280,110,252,315,171166,,,,,,,,,
432,2018,2,Buenos Aires,1450203,1807868,143626,71256,27746,3500699,,,,,,,,,
433,2018,2,Capital Federal,342431,977916,35610,3908,9321,1369186,,,,,,,,,
434,2018,2,Catamarca,27444,4415,15,1,2214,34089,,,,,,,,,
435,2018,2,Chaco,54134,40750,562,1946,1129,98521,,,,,,,,,
436,2018,2,Chubut,58935,19591,1239,14070,6729,100564,,,,,,,,,
437,2018,2,Córdoba,345141,327636,13832,16355,10109,713073,,,,,,,,,
438,2018,2,Corrientes,56541,39715,201,1468,32,97957,,,,,,,,,
439,2018,2,Entre Ríos,104811,80376,2405,12313,80,199985,,,,,,,,,
440,2018,2,Formosa,23543,7311,18,13625,57,44554,,,,,,,,,
441,2018,2,Jujuy,33571,10856,23,640,43,45133,,,,,,,,,
442,2018,2,La Pampa,12416,53587,8420,7011,987,82421,,,,,,,,,
443,2018,2,La Rioja,16663,34984,13,253,35,51948,,,,,,,,,
444,2018,2,Mendoza,152938,36872,3084,6206,1852,200952,,,,,,,,,
445,2018,2,Misiones,57265,47923,512,391,56,106147,,,,,,,,,
446,2018,2,Neuquén,46633,52855,998,12649,2713,115848,,,,,,,,,
447,2018,2,Río Negro,68667,32795,1252,4396,5125,112235,,,,,,,,,
448,2018,2,Salta,78386,53478,678,234,1391,134167,,,,,,,,,
449,2018,2,San Juan,54080,5068,826,3079,1048,64101,,,,,,,,,
450,2018,2,San Luis,11104,7666,368,16,2314,21468,,,,,,,,,
451,2018,2,Santa Cruz,18615,4474,585,6734,3997,34405,,,,,,,,,
452,2018,2,Santa Fe,337934,304349,11354,15801,15114,684552,,,,,,,,,
453,2018,2,Santiago Del Estero,26074,55935,23,1662,81,83775,,,,,,,,,
454,2018,2,Tierra Del Fuego,19372,22756,531,1,2047,44707,,,,,,,,,
455,2018,2,Tucumán,160315,8965,110,252,315,169957,,,,,,,,,
456,2018,1,Buenos Aires,1452061,1793884,133928,64379,31194,3475446,,,,,,,,,
457,2018,1,Capital Federal,349995,968483,35535,3164,9393,1366570,,,,,,,,,
458,2018,1,Catamarca,27300,4415,15,1,2214,33945,,,,,,,,,
459,2018,1,Chaco,54879,40157,383,388,1130,96937,,,,,,,,,
460,2018,1,Chubut,56375,19591,1194,14070,6729,97959,,,,,,,,,
461,2018,1,Córdoba,349342,326894,13178,13237,11275,713926,,,,,,,,,
462,2018,1,Corrientes,56937,35225,888,1334,33,94417,,,,,,,,,
463,2018,1,Entre Ríos,106998,75751,3789,10776,80,197394,,,,,,,,,
464,2018,1,Formosa,23556,7095,17,1603,57,32328,,,,,,,,,
465,2018,1,Jujuy,33856,10456,23,28,43,44406,,,,,,,,,
466,2018,1,La Pampa,10807,51389,8386,10556,1926,83064,,,,,,,,,
467,2018,1,La Rioja,16960,34984,13,253,35,52245,,,,,,,,,
468,2018,1,Mendoza,152931,36872,3086,6206,1852,200947,,,,,,,,,
469,2018,1,Misiones,56311,46880,328,5,56,103580,,,,,,,,,
470,2018,1,Neuquén,46714,55072,1000,12404,2713,117903,,,,,,,,,
471,2018,1,Río Negro,68769,31712,1251,4259,5128,111119,,,,,,,,,
472,2018,1,Salta,79936,51534,118,204,1391,133183,,,,,,,,,
473,2018,1,San Juan,54080,5068,826,2246,1048,63268,,,,,,,,,
474,2018,1,San Luis,11104,7594,368,16,2314,21396,,,,,,,,,
475,2018,1,Santa Cruz,18615,4474,1799,6734,2783,34405,,,,,,,,,
476,2018,1,Santa Fe,341997,300421,10674,11636,15298,680026,,,,,,,,,
477,2018,1,Santiago Del Estero,26788,54594,23,1432,81,82918,,,,,,,,,
478,2018,1,Tierra Del Fuego,19372,9663,531,1,2047,31614,,,,,,,,,
479,2018,1,Tucumán,158611,8921,107,368,50,168057,,,,,,,,,
480,2017,4,Buenos Aires,1241172,1718013,131181,60082,31448,3181896,,,,,,,,,
481,2017,4,Capital Federal,571363,961688,36277,3119,9877,1582324,,,,,,,,,
482,2017,4,Catamarca,27083,263,11,1,2200,29558,,,,,,,,,
483,2017,4,Chaco,55035,39690,389,380,1121,96615,,,,,,,,,
484,2017,4,Chubut,56378,15097,1187,14070,6708,93440,,,,,,,,,
485,2017,4,Córdoba,349710,324709,12778,12043,10739,709979,,,,,,,,,
486,2017,4,Corrientes,56786,34722,894,1334,35,93771,,,,,,,,,
487,2017,4,Entre Ríos,107764,73692,1894,10267,86,193703,,,,,,,,,
488,2017,4,Formosa,23410,6973,19,1603,51,32056,,,,,,,,,
489,2017,4,Jujuy,33844,9626,20,28,34,43552,,,,,,,,,
490,2017,4,La Pampa,10808,50495,8272,10569,1927,82071,,,,,,,,,
491,2017,4,La Rioja,16912,34984,14,253,31,52194,,,,,,,,,
492,2017,4,Mendoza,152896,16114,3015,6206,1920,180151,,,,,,,,,
493,2017,4,Misiones,56271,47470,95,5,54,103895,,,,,,,,,
494,2017,4,Neuquén,46739,54119,1017,12404,2692,116971,,,,,,,,,
495,2017,4,Río Negro,68690,30451,1250,4259,5114,109764,,,,,,,,,
496,2017,4,Salta,80705,50446,127,158,1376,132812,,,,,,,,,
497,2017,4,San Juan,54079,451,812,2246,1036,58624,,,,,,,,,
498,2017,4,San Luis,11104,1119,335,17,2329,14904,,,,,,,,,
499,2017,4,Santa Cruz,18614,1668,582,4638,3950,29452,,,,,,,,,
500,2017,4,Santa Fe,341680,293831,10602,10965,15382,672460,,,,,,,,,
501,2017,4,Santiago Del Estero,27313,40407,19,1025,80,68844,,,,,,,,,
502,2017,4,Tierra Del Fuego,19372,6906,530,1,2045,28854,,,,,,,,,
503,2017,4,Tucumán,156583,5223,105,102,319,162332,,,,,,,,,
504,2017,3,Buenos Aires,1288025,1571180,124920,35058,38777,3057960,,,,,,,,,
505,2017,3,Capital Federal,583249,941092,33481,2814,9723,1570359,,,,,,,,,
506,2017,3,Catamarca,26873,4411,12,1,2181,33478,,,,,,,,,
507,2017,3,Chaco,54888,37307,456,36,1072,93759,,,,,,,,,
508,2017,3,Chubut,56359,5645,1217,13503,6820,83544,,,,,,,,,
509,2017,3,Córdoba,344580,319360,10579,7137,14988,696644,,,,,,,,,
510,2017,3,Corrientes,56247,33993,947,1334,27,92548,,,,,,,,,
511,2017,3,Entre Ríos,107774,69596,1786,6245,63,185464,,,,,,,,,
512,2017,3,Formosa,22647,6816,428,2202,12,32105,,,,,,,,,
513,2017,3,Jujuy,33796,9395,20,23,8,43242,,,,,,,,,
514,2017,3,La Pampa,11378,49679,5153,11536,1944,79690,,,,,,,,,
515,2017,3,La Rioja,16638,34984,14,252,25,51913,,,,,,,,,
516,2017,3,Mendoza,154036,33788,2772,29,1866,192491,,,,,,,,,
517,2017,3,Misiones,56472,43880,110,5,9,100476,,,,,,,,,
518,2017,3,Neuquén,48001,52468,1044,11576,2695,115784,,,,,,,,,
519,2017,3,Río Negro,69301,30018,1106,3054,4017,107496,,,,,,,,,
520,2017,3,Salta,80782,50284,127,158,1167,132518,,,,,,,,,
521,2017,3,San Juan,54499,5068,816,1053,1013,62449,,,,,,,,,
522,2017,3,San Luis,11407,7576,347,26,2363,21719,,,,,,,,,
523,2017,3,Santa Cruz,19220,5487,1544,4552,2887,33690,,,,,,,,,
524,2017,3,Santa Fe,322953,290655,6338,4897,37499,662342,,,,,,,,,
525,2017,3,Santiago Del Estero,27733,54096,19,911,35,82794,,,,,,,,,
526,2017,3,Tierra Del Fuego,21587,7012,622,1,2244,31466,,,,,,,,,
527,2017,3,Tucumán,154130,6431,106,40,305,161012,,,,,,,,,
528,2017,2,Buenos Aires,1378549,1535037,119132,21555,24358,3078631,,,,,,,,,
529,2017,2,Capital Federal,615262,932466,38628,2819,11016,1600191,,,,,,,,,
530,2017,2,Catamarca,26401,255,14,1,34,26705,,,,,,,,,
531,2017,2,Chaco,54449,35613,458,52,39,90611,,,,,,,,,
532,2017,2,Chubut,43994,1067,916,13194,4804,63975,,,,,,,,,
533,2017,2,Córdoba,341748,303488,4451,6446,1505,657638,,,,,,,,,
534,2017,2,Corrientes,55262,33192,258,1354,31,90097,,,,,,,,,
535,2017,2,Entre Ríos,108309,67650,254,6448,71,182732,,,,,,,,,
536,2017,2,Formosa,22493,6410,17,1023,13,29956,,,,,,,,,
537,2017,2,Jujuy,33742,8858,22,0,35,42657,,,,,,,,,
538,2017,2,La Pampa,12754,48310,5194,6253,511,73022,,,,,,,,,
539,2017,2,La Rioja,16244,0,15,2,28,16289,,,,,,,,,
540,2017,2,Mendoza,153331,13030,2581,27,1784,170753,,,,,,,,,
541,2017,2,Misiones,56752,42925,103,5,9,99794,,,,,,,,,
542,2017,2,Neuquén,51794,50283,1133,11545,2678,117433,,,,,,,,,
543,2017,2,Río Negro,67038,29147,961,3213,1260,101619,,,,,,,,,
544,2017,2,Salta,80184,27280,115,158,804,108541,,,,,,,,,
545,2017,2,San Juan,48670,451,772,1073,915,51881,,,,,,,,,
546,2017,2,San Luis,11432,1120,354,26,375,13307,,,,,,,,,
547,2017,2,Santa Cruz,15311,2722,1365,4735,2255,26388,,,,,,,,,
548,2017,2,Santa Fe,329813,228102,3234,4958,1173,567280,,,,,,,,,
549,2017,2,Santiago Del Estero,28337,3900,19,911,29,33196,,,,,,,,,
550,2017,2,Tierra Del Fuego,22636,6905,665,1,2350,32557,,,,,,,,,
551,2017,2,Tucumán,149013,5223,116,14,45,154411,,,,,,,,,
552,2017,1,Buenos Aires,1559178,1465817,118839,21200,24342,3189376,,,,,,,,,
553,2017,1,Capital Federal,428801,918328,38259,2730,10928,1399046,,,,,,,,,
554,2017,1,Catamarca,26020,248,14,1,34,26317,,,,,,,,,
555,2017,1,Chaco,54430,34277,252,52,39,89050,,,,,,,,,
556,2017,1,Chubut,43994,999,916,13194,4793,63896,,,,,,,,,
557,2017,1,Córdoba,335673,293479,4871,5782,1394,641199,,,,,,,,,
558,2017,1,Corrientes,54993,31994,236,1354,31,88608,,,,,,,,,
559,2017,1,Entre Ríos,108509,65095,230,6448,71,180353,,,,,,,,,
560,2017,1,Formosa,22438,6215,16,1023,13,29705,,,,,,,,,
561,2017,1,Jujuy,33869,9278,22,0,34,43203,,,,,,,,,
562,2017,1,La Pampa,12754,47195,5194,6253,517,71913,,,,,,,,,
563,2017,1,La Rioja,16180,0,15,2,28,16225,,,,,,,,,
564,2017,1,Mendoza,153326,13030,2581,27,1769,170733,,,,,,,,,
565,2017,1,Misiones,57363,40142,101,5,8,97619,,,,,,,,,
566,2017,1,Neuquén,51771,48109,1124,11665,2670,115339,,,,,,,,,
567,2017,1,Río Negro,67075,28785,954,3213,1261,101288,,,,,,,,,
568,2017,1,Salta,79837,26845,114,158,679,107633,,,,,,,,,
569,2017,1,San Juan,48670,451,772,1073,907,51873,,,,,,,,,
570,2017,1,San Luis,11432,1120,354,26,375,13307,,,,,,,,,
571,2017,1,Santa Cruz,15502,2722,1272,4733,2257,26486,,,,,,,,,
572,2017,1,Santa Fe,327458,226094,3210,4948,1172,562882,,,,,,,,,
573,2017,1,Santiago Del Estero,29616,3900,19,911,29,34475,,,,,,,,,
574,2017,1,Tierra Del Fuego,22636,6905,665,1,2350,32557,,,,,,,,,
575,2017,1,Tucumán,147373,5223,116,14,45,152771,,,,,,,,,
576,2016,4,Buenos Aires,1563542,1414676,118747,21394,24342,3142701,,,,,,,,,
577,2016,4,Capital Federal,434835,914952,38161,2583,10928,1401459,,,,,,,,,
578,2016,4,Catamarca,26735,250,14,1,34,27034,,,,,,,,,
579,2016,4,Chaco,54974,33534,248,52,39,88847,,,,,,,,,
580,2016,4,Chubut,43994,955,916,13107,4793,63765,,,,,,,,,
581,2016,4,Córdoba,337368,289344,3368,5686,789,636555,,,,,,,,,
582,2016,4,Corrientes,54981,31497,233,1354,31,88096,,,,,,,,,
583,2016,4,Entre Ríos,109359,64141,226,6448,71,180245,,,,,,,,,
584,2016,4,Formosa,22400,6061,16,1023,13,29513,,,,,,,,,
585,2016,4,Jujuy,33838,8731,22,0,34,42625,,,,,,,,,
586,2016,4,La Pampa,12754,47245,5054,6253,522,71828,,,,,,,,,
587,2016,4,La Rioja,16270,0,16,2,28,16316,,,,,,,,,
588,2016,4,Mendoza,153320,13030,2579,27,1769,170725,,,,,,,,,
589,2016,4,Misiones,57983,39294,100,5,8,97390,,,,,,,,,
590,2016,4,Neuquén,51742,46389,1124,11910,2670,113835,,,,,,,,,
591,2016,4,Río Negro,67057,28474,954,3274,1261,101020,,,,,,,,,
592,2016,4,Salta,79389,26657,110,158,621,106935,,,,,,,,,
593,2016,4,San Juan,48670,451,772,1121,907,51921,,,,,,,,,
594,2016,4,San Luis,11432,1120,354,26,375,13307,,,,,,,,,
595,2016,4,Santa Cruz,15607,2722,1055,4823,2257,26464,,,,,,,,,
596,2016,4,Santa Fe,326721,225792,3201,4946,1172,561832,,,,,,,,,
597,2016,4,Santiago Del Estero,30192,3900,19,911,29,35051,,,,,,,,,
598,2016,4,Tierra Del Fuego,22636,6905,665,1,2350,32557,,,,,,,,,
599,2016,4,Tucumán,146995,4482,116,14,45,151652,,,,,,,,,
600,2016,3,Buenos Aires,1574216,1355770,113463,18867,24276,3086592,,,,,,,,,
601,2016,3,Capital Federal,447726,905105,36796,2514,10963,1403104,,,,,,,,,
602,2016,3,Catamarca,26689,248,14,1,18,26970,,,,,,,,,
603,2016,3,Chaco,56251,32730,232,2,15,89230,,,,,,,,,
604,2016,3,Chubut,43987,935,916,13364,4750,63952,,,,,,,,,
605,2016,3,Córdoba,348481,285480,2540,5695,395,642591,,,,,,,,,
606,2016,3,Corrientes,55934,30813,217,1354,22,88340,,,,,,,,,
607,2016,3,Entre Ríos,112588,61850,206,6441,64,181149,,,,,,,,,
608,2016,3,Formosa,21800,5905,9,0,2,27716,,,,,,,,,
609,2016,3,Jujuy,34250,8236,22,0,30,42538,,,,,,,,,
610,2016,3,La Pampa,12751,45952,4910,6236,515,70364,,,,,,,,,
611,2016,3,La Rioja,16891,0,15,2,22,16930,,,,,,,,,
612,2016,3,Mendoza,153233,13030,2576,28,1757,170624,,,,,,,,,
613,2016,3,Misiones,59776,38130,79,5,7,97997,,,,,,,,,
614,2016,3,Neuquén,51752,44739,1093,12402,2617,112603,,,,,,,,,
615,2016,3,Río Negro,67043,28496,942,3293,1252,101026,,,,,,,,,
616,2016,3,Salta,80866,26113,90,157,565,107791,,,,,,,,,
617,2016,3,San Juan,48670,451,770,1174,903,51968,,,,,,,,,
618,2016,3,San Luis,11432,1113,354,23,371,13293,,,,,,,,,
619,2016,3,Santa Cruz,15570,2722,817,4978,2170,26257,,,,,,,,,
620,2016,3,Santa Fe,334911,223011,3037,4862,1190,567011,,,,,,,,,
621,2016,3,Santiago Del Estero,31730,3900,19,3,8,35660,,,,,,,,,
622,2016,3,Tierra Del Fuego,22636,6276,665,1,2347,31925,,,,,,,,,
623,2016,3,Tucumán,147259,3850,116,53,41,151319,,,,,,,,,
624,2016,2,Buenos Aires,1579448,1305949,113070,21163,25661,3045291,,,,,,,,,
625,2016,2,Capital Federal,450644,892209,36669,2390,12672,1394584,,,,,,,,,
626,2016,2,Catamarca,26262,245,14,1,34,26556,,,,,,,,,
627,2016,2,Chaco,56112,31825,221,52,41,88251,,,,,,,,,
628,2016,2,Chubut,43977,867,916,13293,4803,63856,,,,,,,,,
629,2016,2,Córdoba,348891,277615,1709,5610,1089,634914,,,,,,,,,
630,2016,2,Corrientes,55511,29845,203,1354,43,86956,,,,,,,,,
631,2016,2,Entre Ríos,112809,58768,169,6434,193,178373,,,,,,,,,
632,2016,2,Formosa,22101,5658,6,1023,14,28802,,,,,,,,,
633,2016,2,Jujuy,33758,7374,22,0,35,41189,,,,,,,,,
634,2016,2,La Pampa,12754,44654,4708,6225,547,68888,,,,,,,,,
635,2016,2,La Rioja,16691,0,15,2,28,16736,,,,,,,,,
636,2016,2,Mendoza,153321,13030,2576,29,1868,170824,,,,,,,,,
637,2016,2,Misiones,59573,36145,77,5,15,95815,,,,,,,,,
638,2016,2,Neuquén,51742,42370,1088,12466,2849,110515,,,,,,,,,
639,2016,2,Río Negro,67031,28100,939,3300,1334,100704,,,,,,,,,
640,2016,2,Salta,79438,24719,85,151,539,104932,,,,,,,,,
641,2016,2,San Juan,48670,451,770,1214,908,52013,,,,,,,,,
642,2016,2,San Luis,11432,1063,354,30,377,13256,,,,,,,,,
643,2016,2,Santa Cruz,15453,2722,396,4996,2586,26153,,,,,,,,,
644,2016,2,Santa Fe,336244,219088,2981,4744,1417,564474,,,,,,,,,
645,2016,2,Santiago Del Estero,32101,3900,19,911,30,36961,,,,,,,,,
646,2016,2,Tierra Del Fuego,22636,5707,665,1,2350,31359,,,,,,,,,
647,2016,2,Tucumán,145486,2968,116,58,49,148677,,,,,,,,,
648,2016,1,Buenos Aires,1583560,1200859,111231,21108,25757,2942515,,,,,,,,,
649,2016,1,Capital Federal,454425,832126,36332,2284,12729,1337896,,,,,,,,,
650,2016,1,Catamarca,26096,243,15,1,34,26389,,,,,,,,,
651,2016,1,Chaco,56353,29994,211,52,41,86651,,,,,,,,,
652,2016,1,Chubut,43967,834,916,13280,4803,63800,,,,,,,,,
653,2016,1,Córdoba,350884,252346,674,5636,386,609926,,,,,,,,,
654,2016,1,Corrientes,55454,28491,192,1354,45,85536,,,,,,,,,
655,2016,1,Entre Ríos,113101,54948,146,6425,193,174813,,,,,,,,,
656,2016,1,Formosa,21852,5420,5,1023,14,28314,,,,,,,,,
657,2016,1,Jujuy,33481,6751,22,0,35,40289,,,,,,,,,
658,2016,1,La Pampa,12754,41881,4536,6209,549,65929,,,,,,,,,
659,2016,1,La Rioja,16645,0,16,2,28,16691,,,,,,,,,
660,2016,1,Mendoza,153299,13030,2576,34,1871,170810,,,,,,,,,
661,2016,1,Misiones,59538,33330,70,5,15,92958,,,,,,,,,
662,2016,1,Neuquén,51702,36122,1085,12502,2850,104261,,,,,,,,,
663,2016,1,Río Negro,66894,27312,937,3341,1338,99822,,,,,,,,,
664,2016,1,Salta,78973,22741,73,132,507,102426,,,,,,,,,
665,2016,1,San Juan,48670,451,770,1195,908,51994,,,,,,,,,
666,2016,1,San Luis,11432,1042,354,27,377,13232,,,,,,,,,
667,2016,1,Santa Cruz,15654,2723,396,5088,2426,26287,,,,,,,,,
668,2016,1,Santa Fe,338052,204816,3014,4686,1428,551996,,,,,,,,,
669,2016,1,Santiago Del Estero,32838,3900,19,911,30,37698,,,,,,,,,
670,2016,1,Tierra Del Fuego,22636,4834,665,1,2350,30486,,,,,,,,,
671,2016,1,Tucumán,144233,2165,116,74,49,146637,,,,,,,,,
672,2015,4,Buenos Aires,1586343,1223603,103269,20397,25773,2959385,,,,,,,,,
673,2015,4,Capital Federal,455427,879950,19818,2273,12758,1370226,,,,,,,,,
674,2015,4,Catamarca,26180,242,15,1,34,26472,,,,,,,,,
675,2015,4,Chaco,56818,29456,186,52,41,86553,,,,,,,,,
676,2015,4,Chubut,43968,811,916,13521,4803,64019,,,,,,,,,
677,2015,4,Córdoba,353530,266062,480,5613,385,626070,,,,,,,,,
678,2015,4,Corrientes,55681,28178,177,1354,45,85435,,,,,,,,,
679,2015,4,Entre Ríos,113983,53411,122,6427,194,174137,,,,,,,,,
680,2015,4,Formosa,21734,5314,4,1023,14,28089,,,,,,,,,
681,2015,4,Jujuy,32934,6933,22,0,35,39924,,,,,,,,,
682,2015,4,La Pampa,12755,42705,4327,6205,374,66366,,,,,,,,,
683,2015,4,La Rioja,16886,0,16,2,28,16932,,,,,,,,,
684,2015,4,Mendoza,153293,13030,2572,38,1874,170807,,,,,,,,,
685,2015,4,Misiones,60252,32533,48,5,15,92853,,,,,,,,,
686,2015,4,Neuquén,51680,38902,1048,12934,2852,107416,,,,,,,,,
687,2015,4,Río Negro,66851,27221,915,3407,1328,99722,,,,,,,,,
688,2015,4,Salta,78744,22446,47,129,554,101920,,,,,,,,,
689,2015,4,San Juan,48670,451,770,1230,908,52029,,,,,,,,,
690,2015,4,San Luis,11432,1025,354,30,377,13218,,,,,,,,,
691,2015,4,Santa Cruz,15614,2723,396,5261,2409,26403,,,,,,,,,
692,2015,4,Santa Fe,339843,212911,2885,4596,1437,561672,,,,,,,,,
693,2015,4,Santiago Del Estero,33582,4365,19,1139,30,39135,,,,,,,,,
694,2015,4,Tierra Del Fuego,22636,4301,665,1,2350,29953,,,,,,,,,
695,2015,4,Tucumán,144188,1653,116,88,50,146095,,,,,,,,,
696,2015,3,Buenos Aires,1585467,1183894,113590,19989,25825,2928765,,,,,,,,,
697,2015,3,Capital Federal,454815,871262,30974,2229,12788,1372068,,,,,,,,,
698,2015,3,Catamarca,25801,242,15,1,34,26093,,,,,,,,,
699,2015,3,Chaco,56282,28809,186,52,41,85370,,,,,,,,,
700,2015,3,Chubut,43964,792,916,13408,4803,63883,,,,,,,,,
701,2015,3,Córdoba,351692,264055,1450,5412,389,622998,,,,,,,,,
702,2015,3,Corrientes,55792,27604,176,1340,47,84959,,,,,,,,,
703,2015,3,Entre Ríos,113909,51945,122,6261,197,172434,,,,,,,,,
704,2015,3,Formosa,21573,5264,2,899,14,27752,,,,,,,,,
705,2015,3,Jujuy,32598,6895,22,0,35,39550,,,,,,,,,
706,2015,3,La Pampa,12755,41886,4078,6195,557,65471,,,,,,,,,
707,2015,3,La Rioja,16725,0,16,2,28,16771,,,,,,,,,
708,2015,3,Mendoza,153299,13030,2572,42,1880,170823,,,,,,,,,
709,2015,3,Misiones,59921,31635,46,5,15,91622,,,,,,,,,
710,2015,3,Neuquén,47102,36620,1045,13051,2798,100616,,,,,,,,,
711,2015,3,Río Negro,66806,27130,917,3415,1346,99614,,,,,,,,,
712,2015,3,Salta,78064,21688,47,129,645,100573,,,,,,,,,
713,2015,3,San Juan,48670,451,770,1231,908,52030,,,,,,,,,
714,2015,3,San Luis,11432,1025,354,31,377,13219,,,,,,,,,
715,2015,3,Santa Cruz,15540,2718,396,5226,2391,26271,,,,,,,,,
716,2015,3,Santa Fe,337042,209673,4169,4426,1428,556738,,,,,,,,,
717,2015,3,Santiago Del Estero,33886,4365,19,1097,30,39397,,,,,,,,,
718,2015,3,Tierra Del Fuego,22636,8085,665,1,2350,33737,,,,,,,,,
719,2015,3,Tucumán,142925,1135,116,88,50,144314,,,,,,,,,
720,2015,2,Buenos Aires,1581770,1141052,115660,19268,26040,2883790,,,,,,,,,
721,2015,2,Capital Federal,453178,858342,19786,2172,12806,1346284,,,,,,,,,
722,2015,2,Catamarca,25387,242,15,1,34,25679,,,,,,,,,
723,2015,2,Chaco,55767,27809,179,52,41,83848,,,,,,,,,
724,2015,2,Chubut,43949,762,916,13055,4803,63485,,,,,,,,,
725,2015,2,Córdoba,348130,255596,435,5199,386,609746,,,,,,,,,
726,2015,2,Corrientes,55238,26553,157,1321,47,83316,,,,,,,,,
727,2015,2,Entre Ríos,113378,49767,119,6031,197,169492,,,,,,,,,
728,2015,2,Formosa,21097,5164,2,737,50,27050,,,,,,,,,
729,2015,2,Jujuy,32183,5482,22,0,35,37722,,,,,,,,,
730,2015,2,La Pampa,12756,40825,3719,6190,562,64052,,,,,,,,,
731,2015,2,La Rioja,16463,0,16,2,28,16509,,,,,,,,,
732,2015,2,Mendoza,153301,13030,2572,38,1882,170823,,,,,,,,,
733,2015,2,Misiones,59179,29283,37,5,15,88519,,,,,,,,,
734,2015,2,Neuquén,47078,34183,1044,12781,2799,97885,,,,,,,,,
735,2015,2,Río Negro,66738,26268,916,3457,1348,98727,,,,,,,,,
736,2015,2,Salta,77214,20297,47,129,580,98267,,,,,,,,,
737,2015,2,San Juan,48670,451,770,1189,908,51988,,,,,,,,,
738,2015,2,San Luis,11432,1025,354,33,377,13221,,,,,,,,,
739,2015,2,Santa Cruz,15343,2707,396,4917,2400,25763,,,,,,,,,
740,2015,2,Santa Fe,333117,204685,2877,4320,1389,546388,,,,,,,,,
741,2015,2,Santiago Del Estero,33873,4365,19,1091,30,39378,,,,,,,,,
742,2015,2,Tierra Del Fuego,22636,7927,665,1,2350,33579,,,,,,,,,
743,2015,2,Tucumán,139944,479,116,88,50,140677,,,,,,,,,
744,2015,1,Buenos Aires,1583135,1096836,134177,18754,28940,2861842,,,,,,,,,
745,2015,1,Capital Federal,454934,841743,19334,1994,14716,1332721,,,,,,,,,
746,2015,1,Catamarca,25033,241,16,1,41,25332,,,,,,,,,
747,2015,1,Chaco,54952,26161,164,27,56,81360,,,,,,,,,
748,2015,1,Chubut,45645,717,906,12540,5465,65273,,,,,,,,,
749,2015,1,Córdoba,343883,247564,415,4645,450,596957,,,,,,,,,
750,2015,1,Corrientes,54649,25372,129,1319,62,81531,,,,,,,,,
751,2015,1,Entre Ríos,112363,47411,108,5943,245,166070,,,,,,,,,
752,2015,1,Formosa,21022,4951,1,670,56,26700,,,,,,,,,
753,2015,1,Jujuy,31505,5048,22,0,36,36611,,,,,,,,,
754,2015,1,La Pampa,13143,39571,3215,6164,604,62697,,,,,,,,,
755,2015,1,La Rioja,16282,0,16,2,33,16333,,,,,,,,,
756,2015,1,Mendoza,152433,13030,2542,29,2126,170160,,,,,,,,,
757,2015,1,Misiones,58262,26836,30,5,13,85146,,,,,,,,,
758,2015,1,Neuquén,47518,32152,1024,12088,2960,95742,,,,,,,,,
759,2015,1,Río Negro,66274,25217,907,3473,1462,97333,,,,,,,,,
760,2015,1,Salta,76280,19781,47,129,574,96811,,,,,,,,,
761,2015,1,San Juan,48441,451,755,1165,1007,51819,,,,,,,,,
762,2015,1,San Luis,11414,1025,351,30,412,13232,,,,,,,,,
763,2015,1,Santa Cruz,16215,2700,392,4772,2562,26641,,,,,,,,,
764,2015,1,Santa Fe,328809,199037,2845,4239,1507,536437,,,,,,,,,
765,2015,1,Santiago Del Estero,33813,4365,19,1020,35,39252,,,,,,,,,
766,2015,1,Tierra Del Fuego,22291,7924,657,1,2583,33456,,,,,,,,,
767,2015,1,Tucumán,137857,115,116,88,100,138276,,,,,,,,,
768,2014,4,Buenos Aires,1575978,1070135,120528,17728,32038,2816407,,,,,,,,,
769,2014,4,Capital Federal,455785,840224,17155,1962,15394,1330520,,,,,,,,,
770,2014,4,Catamarca,25192,241,16,0,44,25493,,,,,,,,,
771,2014,4,Chaco,55024,10918,31,0,62,66035,,,,,,,,,
772,2014,4,Chubut,48539,697,891,12256,6159,68542,,,,,,,,,
773,2014,4,Córdoba,345157,240452,419,3918,486,590432,,,,,,,,,
774,2014,4,Corrientes,54754,9526,40,1315,75,65710,,,,,,,,,
775,2014,4,Entre Ríos,112291,23027,57,5178,260,140813,,,,,,,,,
776,2014,4,Formosa,21245,4896,1,0,65,26207,,,,,,,,,
777,2014,4,Jujuy,31349,4583,22,37,11,36002,,,,,,,,,
778,2014,4,La Pampa,16043,34281,514,5894,648,57380,,,,,,,,,
779,2014,4,La Rioja,16352,0,17,0,33,16402,,,,,,,,,
780,2014,4,Mendoza,151797,13030,2534,31,2222,169614,,,,,,,,,
781,2014,4,Misiones,58435,18613,16,150,15,77229,,,,,,,,,
782,2014,4,Neuquén,47721,31778,1014,11853,3030,95396,,,,,,,,,
783,2014,4,Río Negro,66307,23703,901,3819,1530,96260,,,,,,,,,
784,2014,4,Salta,76026,17289,48,6,578,93947,,,,,,,,,
785,2014,4,San Juan,48653,451,740,1202,1073,52119,,,,,,,,,
786,2014,4,San Luis,11419,926,355,24,423,13147,,,,,,,,,
787,2014,4,Santa Cruz,17553,448,388,4395,2929,25713,,,,,,,,,
788,2014,4,Santa Fe,335267,183009,3205,6282,1634,529397,,,,,,,,,
789,2014,4,Santiago Del Estero,34110,4231,19,920,37,39317,,,,,,,,,
790,2014,4,Tierra Del Fuego,21948,3664,655,1,2722,28990,,,,,,,,,
791,2014,4,Tucumán,137093,97,116,13,105,137424,,,,,,,,,
792,2014,3,Buenos Aires,1562533,1110628,124474,20049,31881,2849565,,,,,,,,,
793,2014,3,Capital Federal,450155,833402,17886,1995,14387,1317825,,,,,,,,,
794,2014,3,Catamarca,24380,244,15,0,47,24686,,,,,,,,,
795,2014,3,Chaco,53321,10336,29,1,59,63746,,,,,,,,,
796,2014,3,Chubut,49219,668,882,11853,6515,69137,,,,,,,,,
797,2014,3,Córdoba,340212,240334,444,4064,377,585431,,,,,,,,,
798,2014,3,Corrientes,52957,9184,31,1312,65,63549,,,,,,,,,
799,2014,3,Entre Ríos,108907,22440,48,5203,135,136733,,,,,,,,,
800,2014,3,Formosa,21021,4836,0,0,80,25937,,,,,,,,,
801,2014,3,Jujuy,30128,3541,22,37,13,33741,,,,,,,,,
802,2014,3,La Pampa,16051,33940,538,11219,677,62425,,,,,,,,,
803,2014,3,La Rioja,15864,0,14,1,37,15916,,,,,,,,,
804,2014,3,Mendoza,150120,13030,2512,40,2222,167924,,,,,,,,,
805,2014,3,Misiones,56933,18373,4,3,14,75327,,,,,,,,,
806,2014,3,Neuquén,54458,30964,1000,12858,3087,102367,,,,,,,,,
807,2014,3,Río Negro,65264,26590,888,3533,1505,97780,,,,,,,,,
808,2014,3,Salta,73828,18394,43,109,580,92954,,,,,,,,,
809,2014,3,San Juan,48272,451,731,1199,1126,51779,,,,,,,,,
810,2014,3,San Luis,11303,925,355,25,438,13046,,,,,,,,,
811,2014,3,Santa Cruz,17862,492,385,4273,3098,26110,,,,,,,,,
812,2014,3,Santa Fe,325577,183630,4407,6540,733,520887,,,,,,,,,
813,2014,3,Santiago Del Estero,32820,3900,19,768,41,37548,,,,,,,,,
814,2014,3,Tierra Del Fuego,21840,3469,650,1,2832,28792,,,,,,,,,
815,2014,3,Tucumán,131739,97,117,13,100,132066,,,,,,,,,
816,2014,2,Buenos Aires,1568881,1025490,120008,17020,33147,2764546,,,,,,,,,
817,2014,2,Capital Federal,447637,828411,17729,1883,14555,1310215,,,,,,,,,
818,2014,2,Catamarca,24380,243,17,0,43,24683,,,,,,,,,
819,2014,2,Chaco,53321,9870,30,0,58,63279,,,,,,,,,
820,2014,2,Chubut,51070,649,866,10960,6974,70519,,,,,,,,,
821,2014,2,Córdoba,337825,234729,351,3673,374,576952,,,,,,,,,
822,2014,2,Corrientes,52883,8680,31,1309,55,62958,,,,,,,,,
823,2014,2,Entre Ríos,108900,21706,49,4795,133,135583,,,,,,,,,
824,2014,2,Formosa,20894,4628,0,0,78,25600,,,,,,,,,
825,2014,2,Jujuy,30128,4161,23,40,9,34361,,,,,,,,,
826,2014,2,La Pampa,15957,32600,513,5869,689,55628,,,,,,,,,
827,2014,2,La Rioja,15864,0,14,0,34,15912,,,,,,,,,
828,2014,2,Mendoza,148979,13030,2480,36,2282,166807,,,,,,,,,
829,2014,2,Misiones,56933,17594,4,150,8,74689,,,,,,,,,
830,2014,2,Neuquén,47767,29776,997,10765,2983,92288,,,,,,,,,
831,2014,2,Río Negro,64920,24944,876,3657,1560,95957,,,,,,,,,
832,2014,2,Salta,73841,17504,45,7,577,91974,,,,,,,,,
833,2014,2,San Juan,48161,451,722,1139,1173,51646,,,,,,,,,
834,2014,2,San Luis,11306,925,354,22,448,13055,,,,,,,,,
835,2014,2,Santa Cruz,18956,448,381,4118,3266,27169,,,,,,,,,
836,2014,2,Santa Fe,324101,178495,3085,6041,636,512358,,,,,,,,,
837,2014,2,Santiago Del Estero,32820,4231,19,907,34,38011,,,,,,,,,
838,2014,2,Tierra Del Fuego,21618,3008,648,1,2934,28209,,,,,,,,,
839,2014,2,Tucumán,131740,97,121,13,98,132069,,,,,,,,,
840,2014,1,Buenos Aires,1567685,1000879,120960,16528,33824,2739876,,,,,,,,,
841,2014,1,Capital Federal,445569,820161,17767,1866,14555,1299918,,,,,,,,,
842,2014,1,Catamarca,24126,46,17,0,43,24232,,,,,,,,,
843,2014,1,Chaco,52971,9497,30,0,58,62556,,,,,,,,,
844,2014,1,Chubut,51066,539,866,10776,6974,70221,,,,,,,,,
845,2014,1,Córdoba,336841,225769,347,3585,368,566910,,,,,,,,,
846,2014,1,Corrientes,52565,8279,31,1306,55,62236,,,,,,,,,
847,2014,1,Entre Ríos,107883,21379,49,4887,133,134331,,,,,,,,,
848,2014,1,Formosa,20774,4548,0,0,100,25422,,,,,,,,,
849,2014,1,Jujuy,29765,4030,23,0,9,33827,,,,,,,,,
850,2014,1,La Pampa,15826,31305,513,5848,701,54193,,,,,,,,,
851,2014,1,La Rioja,15663,0,14,0,34,15711,,,,,,,,,
852,2014,1,Mendoza,148970,12076,2480,37,2282,165845,,,,,,,,,
853,2014,1,Misiones,56597,17191,4,150,8,73950,,,,,,,,,
854,2014,1,Neuquén,47790,28161,997,10381,3051,90380,,,,,,,,,
855,2014,1,Río Negro,64886,24156,876,3576,1572,95066,,,,,,,,,
856,2014,1,Salta,73131,17538,45,8,568,91290,,,,,,,,,
857,2014,1,San Juan,48161,434,722,808,1173,51298,,,,,,,,,
858,2014,1,San Luis,11306,428,354,21,448,12557,,,,,,,,,
859,2014,1,Santa Cruz,18927,100,381,4092,3264,26764,,,,,,,,,
860,2014,1,Santa Fe,322662,174296,3059,5951,644,506612,,,,,,,,,
861,2014,1,Santiago Del Estero,32567,3598,19,915,34,37133,,,,,,,,,
862,2014,1,Tierra Del Fuego,21618,2837,648,1,2934,28038,,,,,,,,,
863,2014,1,Tucumán,129717,83,121,13,98,130032,,,,,,,,,
