Año,Trimestre,Provincia,ADSL,Cablemodem,Fibra óptica,Wireless,Otros,Total,provincia_id,año_id
2022,4,Buenos Aires,325908,2767247,1499149,129910,72451,4794665,0,0
2022,4,Capital Federal,138753,1238196,138548,4603,31826,1551926,1,0
2022,4,Catamarca,8952,10998,47337,1379,2243,70909,2,0
2022,4,Chaco,24582,61265,47285,7957,2574,143663,3,0
2022,4,Chubut,45450,73923,9815,30721,8850,168759,4,0
2022,4,Córdoba,152265,456947,367393,61631,11424,1049660,5,0
2022,4,Corrientes,34038,80283,26752,9082,5298,155453,6,0
2022,4,Entre Ríos,55507,135746,40798,26414,12509,270974,7,0
2022,4,Formosa,13735,17068,13118,17692,227,61840,8,0
2022,4,Jujuy,17880,52390,42626,4067,1255,118218,9,0
2022,4,La Pampa,7785,60566,24552,19995,1266,114164,10,0
2022,4,La Rioja,6120,54387,19328,6395,32,86262,11,0
2022,4,Mendoza,37655,77814,147080,27607,1948,292104,12,0
2022,4,Misiones,33204,87202,46885,11075,7903,186269,13,0
2022,4,Neuquén,28609,72679,31567,23815,3510,160180,14,0
2022,4,Río Negro,34043,48401,43958,16277,19413,162092,15,0
2022,4,Salta,36939,97023,53470,11884,6544,205860,16,0
2022,4,San Juan,38570,22913,12491,21912,7940,103826,17,0
2022,4,San Luis,6283,43460,3409,81557,511,135220,18,0
2022,4,Santa Cruz,9702,23876,12217,3746,662,50203,19,0
2022,4,Santa Fe,163621,412157,248558,44113,19242,887691,20,0
2022,4,Santiago Del Estero,13577,80955,15117,6911,2934,119494,21,0
2022,4,Tierra Del Fuego,12754,41293,405,157,651,55260,22,0
2022,4,Tucumán,69441,20668,168717,4069,527,263422,23,0
2022,3,Buenos Aires,339648,2748325,1436433,126846,70416,4721668,0,0
2022,3,Capital Federal,140791,1240125,129218,5758,31787,1547679,1,0
2022,3,Catamarca,10010,10495,46224,1329,2235,70293,2,0
2022,3,Chaco,27164,61800,44645,8178,2359,144146,3,0
2022,3,Chubut,45377,72212,9574,29784,8831,165778,4,0
2022,3,Córdoba,163770,465461,338570,61070,9797,1038668,5,0
2022,3,Corrientes,36508,77140,18619,7256,5323,144846,6,0
2022,3,Entre Ríos,60345,132952,36971,26098,12593,268959,7,0
2022,3,Formosa,14470,25880,11041,16935,212,68538,8,0
2022,3,Jujuy,19257,52978,40172,4033,2383,118823,9,0
2022,3,La Pampa,7796,60078,23551,20216,4451,116092,10,0
2022,3,La Rioja,6842,53899,19697,6395,31,86864,11,0
2022,3,Mendoza,37659,78858,142615,27625,2766,289523,12,0
2022,3,Misiones,35513,88902,39046,11074,7622,182157,13,0
2022,3,Neuquén,29352,75815,29396,27482,1116,163161,14,0
2022,3,Río Negro,35552,48260,41017,16760,18969,160558,15,0
2022,3,Salta,40006,96984,50254,10082,7215,204541,16,0
2022,3,San Juan,38570,22723,12328,21860,7918,103399,17,0
2022,3,San Luis,6860,29363,248,70614,14985,122070,18,0
2022,3,Santa Cruz,10170,24047,10815,3896,582,49510,19,0
2022,3,Santa Fe,183740,426255,215189,43079,19547,887810,20,0
2022,3,Santiago Del Estero,15385,80937,13170,6618,2922,119032,21,0
2022,3,Tierra Del Fuego,12754,39963,403,125,651,53896,22,0
2022,3,Tucumán,77738,18518,162345,3997,519,263117,23,0
2022,2,Buenos Aires,350652,2719613,1399043,126847,71028,4667183,0,0
2022,2,Capital Federal,145491,1232226,121506,5757,31791,1536771,1,0
2022,2,Catamarca,11928,9430,42087,1329,2234,67008,2,0
2022,2,Chaco,29552,61284,42194,8178,2356,143564,3,0
2022,2,Chubut,45377,69242,9574,29784,8828,162805,4,0
2022,2,Córdoba,179181,467595,308895,61107,9657,1026435,5,0
2022,2,Corrientes,38468,75769,18181,7256,5323,144997,6,0
2022,2,Entre Ríos,63794,131029,35839,26098,12592,269352,7,0
2022,2,Formosa,15397,25487,9875,16910,212,67881,8,0
2022,2,Jujuy,20303,54495,34184,3955,2377,115314,9,0
2022,2,La Pampa,7796,59273,22994,20200,1264,111527,10,0
2022,2,La Rioja,7759,52656,19189,6395,31,86030,11,0
2022,2,Mendoza,37663,77504,135504,26964,1927,279562,12,0
2022,2,Misiones,37208,89260,33649,11074,7622,178813,13,0
2022,2,Neuquén,29749,74905,28824,27371,1119,161968,14,0
2022,2,Río Negro,36050,47040,40946,16760,18968,159764,15,0
2022,2,Salta,42665,96178,47076,10068,7190,203177,16,0
2022,2,San Juan,38570,19734,12328,21859,7916,100407,17,0
2022,2,San Luis,6860,29034,248,70614,14985,121741,18,0
2022,2,Santa Cruz,10170,23725,10815,3896,579,49185,19,0
2022,2,Santa Fe,198492,428233,189503,43081,19550,878859,20,0
2022,2,Santiago Del Estero,16561,80338,11605,6618,2922,118044,21,0
2022,2,Tierra Del Fuego,12754,39837,403,125,651,53770,22,0
2022,2,Tucumán,85893,15327,148823,3997,487,254527,23,0
2022,1,Buenos Aires,392045,2728865,1242121,125521,66872,4555424,0,0
2022,1,Capital Federal,102290,1217225,62308,5784,29934,1417541,1,0
2022,1,Catamarca,14181,15517,29118,1328,2234,62378,2,0
2022,1,Chaco,32391,64546,36662,8164,2356,144119,3,0
2022,1,Chubut,44133,66667,9184,30592,21052,171628,4,0
2022,1,Córdoba,195610,501799,235838,60843,9713,1003803,5,0
2022,1,Corrientes,40462,79093,10875,6774,5374,142578,6,0
2022,1,Entre Ríos,67159,138986,23091,26098,12592,267926,7,0
2022,1,Formosa,16397,15927,5146,16876,202,54548,8,0
2022,1,Jujuy,21307,60616,25949,4662,3975,116509,9,0
2022,1,La Pampa,8003,58978,21739,19903,1109,109732,10,0
2022,1,La Rioja,9103,59228,9546,6395,31,84303,11,0
2022,1,Mendoza,49464,74145,123228,26969,1379,275185,12,0
2022,1,Misiones,39147,91752,25178,7807,7624,171508,13,0
2022,1,Neuquén,28443,73200,24193,23098,745,149679,14,0
2022,1,Río Negro,38662,45366,38037,16815,18494,157374,15,0
2022,1,Salta,44714,98667,40994,5950,7190,197515,16,0
2022,1,San Juan,34038,14449,11294,20723,7674,88178,17,0
2022,1,San Luis,7987,11296,31,71809,28721,119844,18,0
2022,1,Santa Cruz,10537,23420,10766,3974,405,49102,19,0
2022,1,Santa Fe,213486,444609,146552,45261,20571,870479,20,0
2022,1,Santiago Del Estero,18118,87979,1093,6349,2922,116461,21,0
2022,1,Tierra Del Fuego,13031,38700,416,124,340,52611,22,0
2022,1,Tucumán,92532,62396,86174,3995,487,245584,23,0
2021,4,Buenos Aires,426325,2706506,1176024,126887,73415,4509157,0,1
2021,4,Capital Federal,111360,1205128,60005,5679,29947,1412119,1,1
2021,4,Catamarca,16385,13858,25100,1512,2235,59090,2,1
2021,4,Chaco,35548,63145,34688,8005,2359,143745,3,1
2021,4,Chubut,46361,57412,9655,28041,18839,160308,4,1
2021,4,Córdoba,212011,487489,217214,61277,8779,986770,5,1
2021,4,Corrientes,42523,71183,10138,6778,5290,135912,6,1
2021,4,Entre Ríos,70459,133387,23452,25022,12726,265046,7,1
2021,4,Formosa,17211,15111,5151,16018,172,53663,8,1
2021,4,Jujuy,22330,60511,24156,2927,3991,113915,9,1
2021,4,La Pampa,8175,58000,20192,19286,1354,107007,10,1
2021,4,La Rioja,10387,56651,9446,6613,31,83128,11,1
2021,4,Mendoza,59842,71553,109667,24666,1859,267587,12,1
2021,4,Misiones,41778,92068,22035,7649,7602,171132,13,1
2021,4,Neuquén,29175,72761,23253,21531,746,147466,14,1
2021,4,Río Negro,42037,44495,32212,16558,18451,153753,15,1
2021,4,Salta,46972,99808,39555,5882,7188,199405,16,1
2021,4,San Juan,35868,13102,11072,11423,8493,79958,17,1
2021,4,San Luis,8472,11064,30,70560,28723,118849,18,1
2021,4,Santa Cruz,10790,22902,10031,4346,417,48486,19,1
2021,4,Santa Fe,233427,444373,128856,43556,16229,866441,20,1
2021,4,Santiago Del Estero,19032,86563,1088,6256,2922,115861,21,1
2021,4,Tierra Del Fuego,13317,38148,426,124,342,52357,22,1
2021,4,Tucumán,97830,59022,78790,2511,486,238639,23,1
2021,3,Buenos Aires,585729,2595485,885613,120228,64554,4251609,0,1
2021,3,Capital Federal,142902,1192107,42966,6059,29371,1413405,1,1
2021,3,Catamarca,18413,11709,22331,1568,2233,56254,2,1
2021,3,Chaco,38258,63659,27583,8018,2353,139871,3,1
2021,3,Chubut,49269,55794,8946,23376,18681,156066,4,1
2021,3,Córdoba,229275,477223,167495,57617,15178,946788,5,1
2021,3,Corrientes,44805,69403,7542,6766,5303,133819,6,1
2021,3,Entre Ríos,74443,128752,20485,23500,13195,260375,7,1
2021,3,Formosa,18093,14111,4730,15690,171,52795,8,1
2021,3,Jujuy,23554,60758,19926,2952,3968,111158,9,1
2021,3,La Pampa,9015,57881,17817,14479,1295,100487,10,1
2021,3,La Rioja,11329,54744,9444,6613,30,82160,11,1
2021,3,Mendoza,91474,71247,70579,21811,828,255939,12,1
2021,3,Misiones,43230,89469,10969,7198,7662,158528,13,1
2021,3,Neuquén,29650,73794,16455,19270,640,139809,14,1
2021,3,Río Negro,47934,44519,18725,15031,18376,144585,15,1
2021,3,Salta,49212,98318,36126,5724,6453,195833,16,1
2021,3,San Juan,40072,12922,6670,11372,8447,79483,17,1
2021,3,San Luis,8417,11884,27,68856,28680,117864,18,1
2021,3,Santa Cruz,12347,22961,6328,4269,3071,48976,19,1
2021,3,Santa Fe,245929,443156,93412,43447,15640,841584,20,1
2021,3,Santiago Del Estero,19939,85535,909,6147,2928,115458,21,1
2021,3,Tierra Del Fuego,12853,36958,6,16,390,50223,22,1
2021,3,Tucumán,104489,53868,70964,2408,743,232472,23,1
2021,2,Buenos Aires,603255,2503830,854173,113546,57547,4132351,0,1
2021,2,Capital Federal,148989,1175097,41318,5580,29371,1400355,1,1
2021,2,Catamarca,20305,9426,22331,1449,2233,55744,2,1
2021,2,Chaco,39826,62948,27584,8018,2353,140729,3,1
2021,2,Chubut,49271,41497,6081,23682,18706,139237,4,1
2021,2,Córdoba,239780,467782,151855,55944,15519,930880,5,1
2021,2,Corrientes,46648,67262,3731,6557,5303,129501,6,1
2021,2,Entre Ríos,77836,124957,17856,23786,13197,257632,7,1
2021,2,Formosa,19571,12509,3610,15690,171,51551,8,1
2021,2,Jujuy,24738,60800,19611,2731,3968,111848,9,1
2021,2,La Pampa,9017,57014,17132,13209,1295,97667,10,1
2021,2,La Rioja,11627,54255,9445,6245,30,81602,11,1
2021,2,Mendoza,91503,70834,44696,21811,827,229671,12,1
2021,2,Misiones,44960,87861,10376,5317,7662,156176,13,1
2021,2,Neuquén,30083,72690,15619,19218,640,138250,14,1
2021,2,Río Negro,48189,43761,18727,15031,18376,144084,15,1
2021,2,Salta,51396,96016,32050,5724,6453,191639,16,1
2021,2,San Juan,40072,12369,6673,11372,8447,78933,17,1
2021,2,San Luis,8417,11308,28,66860,36205,122818,18,1
2021,2,Santa Cruz,12347,22967,6328,4269,3071,48982,19,1
2021,2,Santa Fe,256741,431915,90424,43997,17523,840600,20,1
2021,2,Santiago Del Estero,20734,83770,909,5081,3596,114090,21,1
2021,2,Tierra Del Fuego,12853,22504,6,14,316,35693,22,1
2021,2,Tucumán,110429,48359,71683,1837,743,233051,23,1
2021,1,Buenos Aires,629679,2452056,821597,98806,57864,4060002,0,1
2021,1,Capital Federal,159805,1145093,39980,5559,29236,1379673,1,1
2021,1,Catamarca,26316,4409,18688,322,2233,51968,2,1
2021,1,Chaco,43214,61251,25426,8004,1875,139770,3,1
2021,1,Chubut,45501,40960,3444,23723,18712,132340,4,1
2021,1,Córdoba,260350,444695,134634,54137,17065,910881,5,1
2021,1,Corrientes,49160,62876,3337,5949,5303,126625,6,1
2021,1,Entre Ríos,83688,118424,16846,20836,12169,251963,7,1
2021,1,Formosa,20663,11412,2562,15669,380,50686,8,1
2021,1,Jujuy,32254,54324,17322,2677,3879,110456,9,1
2021,1,La Pampa,8946,58711,15779,12369,1300,97105,10,1
2021,1,La Rioja,17363,34984,1,250,30,52628,11,1
2021,1,Mendoza,91844,69295,38619,18332,833,218923,12,1
2021,1,Misiones,48292,82339,7064,4796,6896,149387,13,1
2021,1,Neuquén,30223,70457,14171,17752,632,133235,14,1
2021,1,Río Negro,48777,42192,17828,13994,18377,141168,15,1
2021,1,Salta,54768,89187,31498,5669,6452,187574,16,1
2021,1,San Juan,40072,11589,6671,11482,8453,78267,17,1
2021,1,San Luis,8417,10678,28,63826,36205,119154,18,1
2021,1,Santa Cruz,12347,23089,5975,4264,390,46065,19,1
2021,1,Santa Fe,277012,421480,70976,39140,17519,826127,20,1
2021,1,Santiago Del Estero,26468,75849,570,5158,3596,111641,21,1
2021,1,Tierra Del Fuego,12853,27247,6,0,316,40422,22,1
2021,1,Tucumán,147199,12185,69954,1834,740,231912,23,1
2020,4,Buenos Aires,635651,2441248,804991,93444,57927,4033261,0,2
2020,4,Capital Federal,163060,1142528,39890,4815,29237,1379530,1,2
2020,4,Catamarca,26870,5115,17856,322,2233,52396,2,2
2020,4,Chaco,44332,61200,23687,7997,1875,139091,3,2
2020,4,Chubut,45703,39756,3040,23363,18712,130574,4,2
2020,4,Córdoba,267396,439322,125620,52827,17536,902701,5,2
2020,4,Corrientes,50102,61495,3146,5626,5290,125659,6,2
2020,4,Entre Ríos,85683,113670,15653,20206,12169,247381,7,2
2020,4,Formosa,21264,10789,2432,15341,380,50206,8,2
2020,4,Jujuy,32850,52815,15639,1077,3470,105851,9,2
2020,4,La Pampa,9009,58945,15432,12194,1315,96895,10,2
2020,4,La Rioja,17513,34984,1,250,30,52778,11,2
2020,4,Mendoza,91842,68364,36083,18331,833,215453,12,2
2020,4,Misiones,49462,79855,6589,4359,6896,147161,13,2
2020,4,Neuquén,30468,70614,13732,17689,632,133135,14,2
2020,4,Río Negro,48991,42022,17826,13994,18377,141210,15,2
2020,4,Salta,56659,87817,30604,5858,6452,187390,16,2
2020,4,San Juan,40072,7004,6599,10468,8453,72596,17,2
2020,4,San Luis,8417,11767,27,63019,36205,119435,18,2
2020,4,Santa Cruz,12347,19657,1041,4659,2970,40674,19,2
2020,4,Santa Fe,287271,414746,62692,38712,17392,820813,20,2
2020,4,Santiago Del Estero,26812,70522,570,5169,3596,106669,21,2
2020,4,Tierra Del Fuego,12853,26439,6,0,316,39614,22,2
2020,4,Tucumán,149322,11150,68043,1834,740,231089,23,2
2020,3,Buenos Aires,653930,2384557,749087,94162,55541,3937277,0,2
2020,3,Capital Federal,170375,1129573,39417,3936,29374,1372675,1,2
2020,3,Catamarca,26868,3690,16857,261,2228,49904,2,2
2020,3,Chaco,45745,58825,20675,6706,2003,133954,3,2
2020,3,Chubut,45761,39386,2897,23216,18767,130027,4,2
2020,3,Córdoba,276360,430771,102217,48368,9756,867472,5,2
2020,3,Corrientes,50858,58681,2960,5513,5379,123391,6,2
2020,3,Entre Ríos,87892,106950,13954,20379,12320,241495,7,2
2020,3,Formosa,21790,10003,2000,15023,393,49209,8,2
2020,3,Jujuy,32611,57682,11112,952,4371,106728,9,2
2020,3,La Pampa,9015,56845,14677,11893,1305,93735,10,2
2020,3,La Rioja,17346,34984,1,250,35,52616,11,2
2020,3,Mendoza,91908,64672,32817,17523,868,207788,12,2
2020,3,Misiones,50195,77989,2572,3445,8985,143186,13,2
2020,3,Neuquén,30222,70446,11043,16787,737,129235,14,2
2020,3,Río Negro,49530,40001,10381,13187,18368,131467,15,2
2020,3,Salta,58216,84128,25445,5764,7293,180846,16,2
2020,3,San Juan,40092,9223,5509,14023,8480,77327,17,2
2020,3,San Luis,8401,10077,6,61828,36253,116565,18,2
2020,3,Santa Cruz,12845,16098,1027,6938,2373,39281,19,2
2020,3,Santa Fe,295051,405807,45721,37112,19307,802998,20,2
2020,3,Santiago Del Estero,26419,70720,555,4185,3613,105492,21,2
2020,3,Tierra Del Fuego,12854,26491,0,0,310,39655,22,2
2020,3,Tucumán,149605,11752,59949,1808,762,223876,23,2
2020,2,Buenos Aires,661272,2244277,723072,91736,57189,3777546,0,2
2020,2,Capital Federal,178896,1106133,39482,3937,29373,1357821,1,2
2020,2,Catamarca,26968,3641,14878,261,2228,47976,2,2
2020,2,Chaco,46816,56017,17266,6452,1581,128132,3,2
2020,2,Chubut,45761,38279,1324,17678,5614,108656,4,2
2020,2,Córdoba,282858,415007,85818,44522,8263,836468,5,2
2020,2,Corrientes,51248,55536,3144,3927,5011,118866,6,2
2020,2,Entre Ríos,89391,99423,13954,20042,11303,234113,7,2
2020,2,Formosa,21805,9353,1882,14723,169,47932,8,2
2020,2,Jujuy,32705,38938,5057,952,16664,94316,9,2
2020,2,La Pampa,8551,54422,14232,11314,1290,89809,10,2
2020,2,La Rioja,16885,34984,1,250,35,52155,11,2
2020,2,Mendoza,91904,62941,29613,15924,802,201184,12,2
2020,2,Misiones,50792,74497,2579,3319,9153,140340,13,2
2020,2,Neuquén,30256,67990,11037,15755,1134,126172,14,2
2020,2,Río Negro,49756,39650,10382,11331,18367,129486,15,2
2020,2,Salta,59502,81740,24289,5123,7108,177762,16,2
2020,2,San Juan,40092,8275,5509,7019,8882,69777,17,2
2020,2,San Luis,8401,8357,6,60935,36253,113952,18,2
2020,2,Santa Cruz,12845,16044,1027,6585,2368,38869,19,2
2020,2,Santa Fe,299974,381679,46698,30487,19094,777932,20,2
2020,2,Santiago Del Estero,25917,72074,355,3038,4063,105447,21,2
2020,2,Tierra Del Fuego,12854,26025,0,0,310,39189,22,2
2020,2,Tucumán,150084,9833,55120,1357,762,217156,23,2
2020,1,Buenos Aires,673237,2210349,720688,85443,18334,3708051,0,2
2020,1,Capital Federal,184494,1097635,38898,3911,28556,1353494,1,2
2020,1,Catamarca,21945,3146,12056,261,2227,39635,2,2
2020,1,Chaco,46356,54144,11958,6239,1580,120277,3,2
2020,1,Chubut,45763,27287,1324,16885,5479,96738,4,2
2020,1,Córdoba,286168,406109,68512,41617,8693,811099,5,2
2020,1,Corrientes,51126,53231,2172,2437,5004,113970,6,2
2020,1,Entre Ríos,90368,95434,13245,18737,14062,231846,7,2
2020,1,Formosa,21068,8887,1800,14510,169,46434,8,2
2020,1,Jujuy,32066,38938,3078,942,16641,91665,9,2
2020,1,La Pampa,8553,53755,13821,11295,1802,89226,10,2
2020,1,La Rioja,13076,34984,0,251,29,48340,11,2
2020,1,Mendoza,91955,50251,28059,12465,722,183452,12,2
2020,1,Misiones,51458,69452,1220,460,10962,133552,13,2
2020,1,Neuquén,29305,65951,11031,14711,729,121727,14,2
2020,1,Río Negro,47756,38479,10381,11222,18362,126200,15,2
2020,1,Salta,60426,75593,23025,4125,7212,170381,16,2
2020,1,San Juan,40092,6448,5508,7082,5101,64231,17,2
2020,1,San Luis,8301,7612,5,58301,36333,110552,18,2
2020,1,Santa Cruz,12845,15766,1026,6817,2368,38822,19,2
2020,1,Santa Fe,302366,383673,35123,30488,19468,771118,20,2
2020,1,Santiago Del Estero,24695,70424,200,2779,4657,102755,21,2
2020,1,Tierra Del Fuego,12854,25632,0,0,308,38794,22,2
2020,1,Tucumán,143184,10494,44687,1355,347,200067,23,2
2019,4,Buenos Aires,720011,2191672,669194,87111,18266,3686254,0,3
2019,4,Capital Federal,196938,1093143,35534,3914,28576,1358105,1,3
2019,4,Catamarca,22999,3318,9506,261,2227,38311,2,3
2019,4,Chaco,48661,53602,8831,5229,1580,117903,3,3
2019,4,Chubut,47045,26977,1324,15267,5489,96102,4,3
2019,4,Córdoba,296872,410038,53335,37750,8693,806688,5,3
2019,4,Corrientes,52525,51845,2002,2458,5004,113834,6,3
2019,4,Entre Ríos,92981,99206,12875,18561,15407,239030,7,3
2019,4,Formosa,21567,8684,1760,14531,169,46711,8,3
2019,4,Jujuy,32949,37604,873,814,16641,88881,9,3
2019,4,La Pampa,15457,56854,4942,11341,1805,90399,10,3
2019,4,La Rioja,13738,34984,0,251,29,49002,11,3
2019,4,Mendoza,96678,49711,24989,13672,730,185780,12,3
2019,4,Misiones,53116,69676,847,441,11733,135813,13,3
2019,4,Neuquén,29826,60970,10549,14246,854,116445,14,3
2019,4,Río Negro,49747,37933,9658,11437,18365,127140,15,3
2019,4,Salta,63272,76062,21865,3040,8206,172445,16,3
2019,4,San Juan,41360,6338,4931,7241,5104,64974,17,3
2019,4,San Luis,8569,8027,6,55266,36333,108201,18,3
2019,4,Santa Cruz,13264,15899,1036,6800,2371,39370,19,3
2019,4,Santa Fe,312072,382254,27464,26978,20401,769169,20,3
2019,4,Santiago Del Estero,24682,71239,200,2810,4657,103588,21,3
2019,4,Tierra Del Fuego,13261,26821,0,0,310,40392,22,3
2019,4,Tucumán,146985,11012,39574,725,348,198644,23,3
2019,3,Buenos Aires,1277249,2144956,425386,85572,27070,3960233,0,3
2019,3,Capital Federal,300288,1080973,24900,3895,31155,1441211,1,3
2019,3,Catamarca,24349,5543,13,244,2251,32400,2,3
2019,3,Chaco,50416,49156,8063,5224,1592,114451,3,3
2019,3,Chubut,37298,27090,1917,15149,7551,89005,4,3
2019,3,Córdoba,307780,399231,30064,37277,8701,783053,5,3
2019,3,Corrientes,53344,50230,1888,2458,4839,112759,6,3
2019,3,Entre Ríos,94947,96305,12888,18530,15432,238102,7,3
2019,3,Formosa,21777,8359,1476,14292,162,46066,8,3
2019,3,Jujuy,33110,35742,274,812,16638,86576,9,3
2019,3,La Pampa,19469,52941,4994,11462,1962,90828,10,3
2019,3,La Rioja,14390,34984,11,251,41,49677,11,3
2019,3,Mendoza,148640,54312,6865,12975,1545,224337,12,3
2019,3,Misiones,54493,65872,829,419,12270,133883,13,3
2019,3,Neuquén,43347,60484,5560,13512,2518,125421,14,3
2019,3,Río Negro,67478,37425,9739,10806,18847,144295,15,3
2019,3,Salta,65799,74329,733,1580,9394,151835,16,3
2019,3,San Juan,51670,7425,1227,7241,5535,73098,17,3
2019,3,San Luis,13037,10561,350,62286,36466,122700,18,3
2019,3,Santa Cruz,10663,17056,969,6544,2738,37970,19,3
2019,3,Santa Fe,319396,377171,18690,24269,21408,760934,20,3
2019,3,Santiago Del Estero,24556,71198,219,2759,34400,133132,21,3
2019,3,Tierra Del Fuego,19790,26659,651,0,1487,48587,22,3
2019,2,Tucumán,150918,12089,116,684,324,164131,23,3
2019,2,Buenos Aires,1284658,2079900,382971,75240,32929,3855698,0,3
2019,2,Capital Federal,309937,1061358,36082,3962,4281,1415620,1,3
2019,2,Catamarca,25682,5543,13,146,2251,33635,2,3
2019,2,Chaco,50765,47448,4203,4727,1591,108734,3,3
2019,2,Chubut,37313,26338,1917,14443,7545,87556,4,3
2019,2,Córdoba,314768,388254,23023,33847,15236,775128,5,3
2019,2,Corrientes,53835,47431,1701,2444,6138,111549,6,3
2019,2,Entre Ríos,97081,91081,12764,17369,17529,235824,7,3
2019,2,Formosa,21916,8686,1382,14292,162,46438,8,3
2019,2,Jujuy,33022,30742,274,812,21857,86707,9,3
2019,2,La Pampa,19471,52101,4840,10789,3004,90205,10,3
2019,2,La Rioja,15014,34984,11,251,41,50301,11,3
2019,2,Mendoza,148673,54027,6865,12748,1544,223857,12,3
2019,2,Misiones,55373,64272,543,421,12269,132878,13,3
2019,2,Neuquén,43420,59021,4983,12792,2737,122953,14,3
2019,2,Río Negro,67841,36527,4037,10485,19657,138547,15,3
2019,2,Salta,68827,62343,725,1210,9463,142568,16,3
2019,2,San Juan,51680,7425,1174,2870,6876,70025,17,3
2019,2,San Luis,11130,10298,347,57242,38368,117385,18,3
2019,2,Santa Cruz,10665,10257,379,6514,2735,30550,19,3
2019,2,Santa Fe,325420,355140,18236,21980,22708,743484,20,3
2019,2,Santiago Del Estero,24393,64783,219,2759,34600,126754,21,3
2019,2,Tierra Del Fuego,19790,25527,651,0,1486,47454,22,3
2019,2,Tucumán,153121,12089,116,684,321,166331,23,3
2019,1,Buenos Aires,1304507,2020730,336362,64867,20201,3746667,0,3
2019,1,Capital Federal,328246,1030814,32281,3978,4281,1399600,1,3
2019,1,Catamarca,26912,4443,16,0,2251,33622,2,3
2019,1,Chaco,53409,43555,1951,3628,1134,103677,3,3
2019,1,Chubut,37302,23065,1923,14443,3045,79778,4,3
2019,1,Córdoba,323272,363959,19902,24615,12367,744115,5,3
2019,1,Corrientes,55842,43444,1615,1528,58,102487,6,3
2019,1,Entre Ríos,100999,90253,12723,16231,12241,232447,7,3
2019,1,Formosa,22570,7878,940,13761,62,45211,8,3
2019,1,Jujuy,33248,12484,153,640,43622,90147,9,3
2019,1,La Pampa,18832,57373,2891,9023,1041,89160,10,3
2019,1,La Rioja,16367,34984,12,252,41,51656,11,3
2019,1,Mendoza,148524,40205,5662,10363,1544,206298,12,3
2019,1,Misiones,54898,59214,465,426,7717,122720,13,3
2019,1,Neuquén,40747,55634,3114,12510,2372,114377,14,3
2019,1,Río Negro,68377,34124,3994,9736,4857,121088,15,3
2019,1,Salta,74426,57933,647,1135,1879,136020,16,3
2019,1,San Juan,51660,5838,808,2932,1207,62445,17,3
2019,1,San Luis,11108,7784,378,53097,23968,96335,18,3
2019,1,Santa Cruz,10659,4615,382,6514,2735,24905,19,3
2019,1,Santa Fe,340038,340344,15621,23215,17860,737078,20,3
2019,1,Santiago Del Estero,25337,61547,23,2847,99,89853,21,3
2019,1,Tierra Del Fuego,19789,23549,1623,0,1486,46447,22,3
2019,1,Tucumán,159215,11670,118,678,321,172002,23,3
2018,4,Buenos Aires,1305576,1949637,296102,65477,19814,3636606,0,4
2018,4,Capital Federal,328253,1019490,33042,3978,4257,1389020,1,4
2018,4,Catamarca,26912,4443,16,0,2212,33583,2,4
2018,4,Chaco,53409,43555,1940,3236,1130,103270,3,4
2018,4,Chubut,37215,23065,952,14443,3047,78722,4,4
2018,4,Córdoba,328854,355716,17675,21851,13243,737339,5,4
2018,4,Corrientes,55842,42418,796,1515,30,100601,6,4
2018,4,Entre Ríos,101168,86198,4853,15472,14356,222047,7,4
2018,4,Formosa,22619,7880,887,13761,57,45204,8,4
2018,4,Jujuy,33248,12484,153,640,43608,90133,9,4
2018,4,La Pampa,18832,55337,2685,7772,1010,85636,10,4
2018,4,La Rioja,16367,34984,12,252,36,51651,11,4
2018,4,Mendoza,148524,40205,5665,10363,1547,206304,12,4
2018,4,Misiones,55500,53673,465,426,6209,116273,13,4
2018,4,Neuquén,40747,55634,3115,12425,2444,114365,14,4
2018,4,Río Negro,68377,34292,1299,8037,4832,116837,15,4
2018,4,Salta,74295,57539,638,253,1853,134578,16,4
2018,4,San Juan,51660,5838,806,2883,1211,62398,17,4
2018,4,San Luis,11108,7784,378,53097,23964,96331,18,4
2018,4,Santa Cruz,10659,4615,382,6378,2734,24768,19,4
2018,4,Santa Fe,335519,322782,14387,18705,28997,720390,20,4
2018,4,Santiago Del Estero,25339,61243,23,2649,81,89335,21,4
2018,4,Tierra Del Fuego,19789,23349,1623,0,1499,46260,22,4
2018,4,Tucumán,159215,11670,119,686,314,172004,23,4
2018,3,Buenos Aires,1435856,1929273,156382,62318,26448,3610277,0,4
2018,3,Capital Federal,334353,1009252,35694,3872,9319,1392490,1,4
2018,3,Catamarca,27553,4443,15,1,2214,34226,2,4
2018,3,Chaco,53927,42359,1990,2628,1129,102033,3,4
2018,3,Chubut,58887,23065,1239,13817,6728,103736,4,4
2018,3,Córdoba,337620,342401,15785,19213,10839,725858,5,4
2018,3,Corrientes,56444,41300,212,1468,32,99456,6,4
2018,3,Entre Ríos,103318,83714,2403,15093,80,204608,7,4
2018,3,Formosa,22777,7589,817,13625,57,44865,8,4
2018,3,Jujuy,33363,10856,32,641,43,44935,9,4
2018,3,La Pampa,12415,54574,8437,7011,987,83424,10,4
2018,3,La Rioja,16587,34984,13,253,35,51872,11,4
2018,3,Mendoza,151033,40205,5744,8195,1852,207029,12,4
2018,3,Misiones,56290,50793,512,391,56,108042,13,4
2018,3,Neuquén,46602,54129,998,12277,2712,116718,14,4
2018,3,Río Negro,68590,33474,1252,5051,5125,113492,15,4
2018,3,Salta,76600,53980,678,234,1391,132883,16,4
2018,3,San Juan,54025,5838,826,2744,1048,64481,17,4
2018,3,San Luis,11096,7784,368,52859,2314,74421,18,4
2018,3,Santa Cruz,18606,4574,585,6238,3996,33999,19,4
2018,3,Santa Fe,339126,312866,11749,16337,15022,695100,20,4
2018,3,Santiago Del Estero,25805,58789,23,1662,81,86360,21,4
2018,3,Tierra Del Fuego,19365,22649,1502,1,2047,45564,22,4
2018,3,Tucumán,161209,9280,110,252,315,171166,23,4
2018,2,Buenos Aires,1450203,1807868,143626,71256,27746,3500699,0,4
2018,2,Capital Federal,342431,977916,35610,3908,9321,1369186,1,4
2018,2,Catamarca,27444,4415,15,1,2214,34089,2,4
2018,2,Chaco,54134,40750,562,1946,1129,98521,3,4
2018,2,Chubut,58935,19591,1239,14070,6729,100564,4,4
2018,2,Córdoba,345141,327636,13832,16355,10109,713073,5,4
2018,2,Corrientes,56541,39715,201,1468,32,97957,6,4
2018,2,Entre Ríos,104811,80376,2405,12313,80,199985,7,4
2018,2,Formosa,23543,7311,18,13625,57,44554,8,4
2018,2,Jujuy,33571,10856,23,640,43,45133,9,4
2018,2,La Pampa,12416,53587,8420,7011,987,82421,10,4
2018,2,La Rioja,16663,34984,13,253,35,51948,11,4
2018,2,Mendoza,152938,36872,3084,6206,1852,200952,12,4
2018,2,Misiones,57265,47923,512,391,56,106147,13,4
2018,2,Neuquén,46633,52855,998,12649,2713,115848,14,4
2018,2,Río Negro,68667,32795,1252,4396,5125,112235,15,4
2018,2,Salta,78386,53478,678,234,1391,134167,16,4
2018,2,San Juan,54080,5068,826,3079,1048,64101,17,4
2018,2,San Luis,11104,7666,368,16,2314,21468,18,4
2018,2,Santa Cruz,18615,4474,585,6734,3997,34405,19,4
2018,2,Santa Fe,337934,304349,11354,15801,15114,684552,20,4
2018,2,Santiago Del Estero,26074,55935,23,1662,81,83775,21,4
2018,2,Tierra Del Fuego,19372,22756,531,1,2047,44707,22,4
2018,2,Tucumán,160315,8965,110,252,315,169957,23,4
2018,1,Buenos Aires,1452061,1793884,133928,64379,31194,3475446,0,4
2018,1,Capital Federal,349995,968483,35535,3164,9393,1366570,1,4
2018,1,Catamarca,27300,4415,15,1,2214,33945,2,4
2018,1,Chaco,54879,40157,383,388,1130,96937,3,4
2018,1,Chubut,56375,19591,1194,14070,6729,97959,4,4
2018,1,Córdoba,349342,326894,13178,13237,11275,713926,5,4
2018,1,Corrientes,56937,35225,888,1334,33,94417,6,4
2018,1,Entre Ríos,106998,75751,3789,10776,80,197394,7,4
2018,1,Formosa,23556,7095,17,1603,57,32328,8,4
2018,1,Jujuy,33856,10456,23,28,43,44406,9,4
2018,1,La Pampa,10807,51389,8386,10556,1926,83064,10,4
2018,1,La Rioja,16960,34984,13,253,35,52245,11,4
2018,1,Mendoza,152931,36872,3086,6206,1852,200947,12,4
2018,1,Misiones,56311,46880,328,5,56,103580,13,4
2018,1,Neuquén,46714,55072,1000,12404,2713,117903,14,4
2018,1,Río Negro,68769,31712,1251,4259,5128,111119,15,4
2018,1,Salta,79936,51534,118,204,1391,133183,16,4
2018,1,San Juan,54080,5068,826,2246,1048,63268,17,4
2018,1,San Luis,11104,7594,368,16,2314,21396,18,4
2018,1,Santa Cruz,18615,4474,1799,6734,2783,34405,19,4
2018,1,Santa Fe,341997,300421,10674,11636,15298,680026,20,4
2018,1,Santiago Del Estero,26788,54594,23,1432,81,82918,21,4
2018,1,Tierra Del Fuego,19372,9663,531,1,2047,31614,22,4
2018,1,Tucumán,158611,8921,107,368,50,168057,23,4
2017,4,Buenos Aires,1241172,1718013,131181,60082,31448,3181896,0,5
2017,4,Capital Federal,571363,961688,36277,3119,9877,1582324,1,5
2017,4,Catamarca,27083,263,11,1,2200,29558,2,5
2017,4,Chaco,55035,39690,389,380,1121,96615,3,5
2017,4,Chubut,56378,15097,1187,14070,6708,93440,4,5
2017,4,Córdoba,349710,324709,12778,12043,10739,709979,5,5
2017,4,Corrientes,56786,34722,894,1334,35,93771,6,5
2017,4,Entre Ríos,107764,73692,1894,10267,86,193703,7,5
2017,4,Formosa,23410,6973,19,1603,51,32056,8,5
2017,4,Jujuy,33844,9626,20,28,34,43552,9,5
2017,4,La Pampa,10808,50495,8272,10569,1927,82071,10,5
2017,4,La Rioja,16912,34984,14,253,31,52194,11,5
2017,4,Mendoza,152896,16114,3015,6206,1920,180151,12,5
2017,4,Misiones,56271,47470,95,5,54,103895,13,5
2017,4,Neuquén,46739,54119,1017,12404,2692,116971,14,5
2017,4,Río Negro,68690,30451,1250,4259,5114,109764,15,5
2017,4,Salta,80705,50446,127,158,1376,132812,16,5
2017,4,San Juan,54079,451,812,2246,1036,58624,17,5
2017,4,San Luis,11104,1119,335,17,2329,14904,18,5
2017,4,Santa Cruz,18614,1668,582,4638,3950,29452,19,5
2017,4,Santa Fe,341680,293831,10602,10965,15382,672460,20,5
2017,4,Santiago Del Estero,27313,40407,19,1025,80,68844,21,5
2017,4,Tierra Del Fuego,19372,6906,530,1,2045,28854,22,5
2017,4,Tucumán,156583,5223,105,102,319,162332,23,5
2017,3,Buenos Aires,1288025,1571180,124920,35058,38777,3057960,0,5
2017,3,Capital Federal,583249,941092,33481,2814,9723,1570359,1,5
2017,3,Catamarca,26873,4411,12,1,2181,33478,2,5
2017,3,Chaco,54888,37307,456,36,1072,93759,3,5
2017,3,Chubut,56359,5645,1217,13503,6820,83544,4,5
2017,3,Córdoba,344580,319360,10579,7137,14988,696644,5,5
2017,3,Corrientes,56247,33993,947,1334,27,92548,6,5
2017,3,Entre Ríos,107774,69596,1786,6245,63,185464,7,5
2017,3,Formosa,22647,6816,428,2202,12,32105,8,5
2017,3,Jujuy,33796,9395,20,23,8,43242,9,5
2017,3,La Pampa,11378,49679,5153,11536,1944,79690,10,5
2017,3,La Rioja,16638,34984,14,252,25,51913,11,5
2017,3,Mendoza,154036,33788,2772,29,1866,192491,12,5
2017,3,Misiones,56472,43880,110,5,9,100476,13,5
2017,3,Neuquén,48001,52468,1044,11576,2695,115784,14,5
2017,3,Río Negro,69301,30018,1106,3054,4017,107496,15,5
2017,3,Salta,80782,50284,127,158,1167,132518,16,5
2017,3,San Juan,54499,5068,816,1053,1013,62449,17,5
2017,3,San Luis,11407,7576,347,26,2363,21719,18,5
2017,3,Santa Cruz,19220,5487,1544,4552,2887,33690,19,5
2017,3,Santa Fe,322953,290655,6338,4897,37499,662342,20,5
2017,3,Santiago Del Estero,27733,54096,19,911,35,82794,21,5
2017,3,Tierra Del Fuego,21587,7012,622,1,2244,31466,22,5
2017,3,Tucumán,154130,6431,106,40,305,161012,23,5
2017,2,Buenos Aires,1378549,1535037,119132,21555,24358,3078631,0,5
2017,2,Capital Federal,615262,932466,38628,2819,11016,1600191,1,5
2017,2,Catamarca,26401,255,14,1,34,26705,2,5
2017,2,Chaco,54449,35613,458,52,39,90611,3,5
2017,2,Chubut,43994,1067,916,13194,4804,63975,4,5
2017,2,Córdoba,341748,303488,4451,6446,1505,657638,5,5
2017,2,Corrientes,55262,33192,258,1354,31,90097,6,5
2017,2,Entre Ríos,108309,67650,254,6448,71,182732,7,5
2017,2,Formosa,22493,6410,17,1023,13,29956,8,5
2017,2,Jujuy,33742,8858,22,0,35,42657,9,5
2017,2,La Pampa,12754,48310,5194,6253,511,73022,10,5
2017,2,La Rioja,16244,0,15,2,28,16289,11,5
2017,2,Mendoza,153331,13030,2581,27,1784,170753,12,5
2017,2,Misiones,56752,42925,103,5,9,99794,13,5
2017,2,Neuquén,51794,50283,1133,11545,2678,117433,14,5
2017,2,Río Negro,67038,29147,961,3213,1260,101619,15,5
2017,2,Salta,80184,27280,115,158,804,108541,16,5
2017,2,San Juan,48670,451,772,1073,915,51881,17,5
2017,2,San Luis,11432,1120,354,26,375,13307,18,5
2017,2,Santa Cruz,15311,2722,1365,4735,2255,26388,19,5
2017,2,Santa Fe,329813,228102,3234,4958,1173,567280,20,5
2017,2,Santiago Del Estero,28337,3900,19,911,29,33196,21,5
2017,2,Tierra Del Fuego,22636,6905,665,1,2350,32557,22,5
2017,2,Tucumán,149013,5223,116,14,45,154411,23,5
2017,1,Buenos Aires,1559178,1465817,118839,21200,24342,3189376,0,5
2017,1,Capital Federal,428801,918328,38259,2730,10928,1399046,1,5
2017,1,Catamarca,26020,248,14,1,34,26317,2,5
2017,1,Chaco,54430,34277,252,52,39,89050,3,5
2017,1,Chubut,43994,999,916,13194,4793,63896,4,5
2017,1,Córdoba,335673,293479,4871,5782,1394,641199,5,5
2017,1,Corrientes,54993,31994,236,1354,31,88608,6,5
2017,1,Entre Ríos,108509,65095,230,6448,71,180353,7,5
2017,1,Formosa,22438,6215,16,1023,13,29705,8,5
2017,1,Jujuy,33869,9278,22,0,34,43203,9,5
2017,1,La Pampa,12754,47195,5194,6253,517,71913,10,5
2017,1,La Rioja,16180,0,15,2,28,16225,11,5
2017,1,Mendoza,153326,13030,2581,27,1769,170733,12,5
2017,1,Misiones,57363,40142,101,5,8,97619,13,5
2017,1,Neuquén,51771,48109,1124,11665,2670,115339,14,5
2017,1,Río Negro,67075,28785,954,3213,1261,101288,15,5
2017,1,Salta,79837,26845,114,158,679,107633,16,5
2017,1,San Juan,48670,451,772,1073,907,51873,17,5
2017,1,San Luis,11432,1120,354,26,375,13307,18,5
2017,1,Santa Cruz,15502,2722,1272,4733,2257,26486,19,5
2017,1,Santa Fe,327458,226094,3210,4948,1172,562882,20,5
2017,1,Santiago Del Estero,29616,3900,19,911,29,34475,21,5
2017,1,Tierra Del Fuego,22636,6905,665,1,2350,32557,22,5
2017,1,Tucumán,147373,5223,116,14,45,152771,23,5
2016,4,Buenos Aires,1563542,1414676,118747,21394,24342,3142701,0,6
2016,4,Capital Federal,434835,914952,38161,2583,10928,1401459,1,6
2016,4,Catamarca,26735,250,14,1,34,27034,2,6
2016,4,Chaco,54974,33534,248,52,39,88847,3,6
2016,4,Chubut,43994,955,916,13107,4793,63765,4,6
2016,4,Córdoba,337368,289344,3368,5686,789,636555,5,6
2016,4,Corrientes,54981,31497,233,1354,31,88096,6,6
2016,4,Entre Ríos,109359,64141,226,6448,71,180245,7,6
2016,4,Formosa,22400,6061,16,1023,13,29513,8,6
2016,4,Jujuy,33838,8731,22,0,34,42625,9,6
2016,4,La Pampa,12754,47245,5054,6253,522,71828,10,6
2016,4,La Rioja,16270,0,16,2,28,16316,11,6
2016,4,Mendoza,153320,13030,2579,27,1769,170725,12,6
2016,4,Misiones,57983,39294,100,5,8,97390,13,6
2016,4,Neuquén,51742,46389,1124,11910,2670,113835,14,6
2016,4,Río Negro,67057,28474,954,3274,1261,101020,15,6
2016,4,Salta,79389,26657,110,158,621,106935,16,6
2016,4,San Juan,48670,451,772,1121,907,51921,17,6
2016,4,San Luis,11432,1120,354,26,375,13307,18,6
2016,4,Santa Cruz,15607,2722,1055,4823,2257,26464,19,6
2016,4,Santa Fe,326721,225792,3201,4946,1172,561832,20,6
2016,4,Santiago Del Estero,30192,3900,19,911,29,35051,21,6
2016,4,Tierra Del Fuego,22636,6905,665,1,2350,32557,22,6
2016,4,Tucumán,146995,4482,116,14,45,151652,23,6
2016,3,Buenos Aires,1574216,1355770,113463,18867,24276,3086592,0,6
2016,3,Capital Federal,447726,905105,36796,2514,10963,1403104,1,6
2016,3,Catamarca,26689,248,14,1,18,26970,2,6
2016,3,Chaco,56251,32730,232,2,15,89230,3,6
2016,3,Chubut,43987,935,916,13364,4750,63952,4,6
2016,3,Córdoba,348481,285480,2540,5695,395,642591,5,6
2016,3,Corrientes,55934,30813,217,1354,22,88340,6,6
2016,3,Entre Ríos,112588,61850,206,6441,64,181149,7,6
2016,3,Formosa,21800,5905,9,0,2,27716,8,6
2016,3,Jujuy,34250,8236,22,0,30,42538,9,6
2016,3,La Pampa,12751,45952,4910,6236,515,70364,10,6
2016,3,La Rioja,16891,0,15,2,22,16930,11,6
2016,3,Mendoza,153233,13030,2576,28,1757,170624,12,6
2016,3,Misiones,59776,38130,79,5,7,97997,13,6
2016,3,Neuquén,51752,44739,1093,12402,2617,112603,14,6
2016,3,Río Negro,67043,28496,942,3293,1252,101026,15,6
2016,3,Salta,80866,26113,90,157,565,107791,16,6
2016,3,San Juan,48670,451,770,1174,903,51968,17,6
2016,3,San Luis,11432,1113,354,23,371,13293,18,6
2016,3,Santa Cruz,15570,2722,817,4978,2170,26257,19,6
2016,3,Santa Fe,334911,223011,3037,4862,1190,567011,20,6
2016,3,Santiago Del Estero,31730,3900,19,3,8,35660,21,6
2016,3,Tierra Del Fuego,22636,6276,665,1,2347,31925,22,6
2016,3,Tucumán,147259,3850,116,53,41,151319,23,6
2016,2,Buenos Aires,1579448,1305949,113070,21163,25661,3045291,0,6
2016,2,Capital Federal,450644,892209,36669,2390,12672,1394584,1,6
2016,2,Catamarca,26262,245,14,1,34,26556,2,6
2016,2,Chaco,56112,31825,221,52,41,88251,3,6
2016,2,Chubut,43977,867,916,13293,4803,63856,4,6
2016,2,Córdoba,348891,277615,1709,5610,1089,634914,5,6
2016,2,Corrientes,55511,29845,203,1354,43,86956,6,6
2016,2,Entre Ríos,112809,58768,169,6434,193,178373,7,6
2016,2,Formosa,22101,5658,6,1023,14,28802,8,6
2016,2,Jujuy,33758,7374,22,0,35,41189,9,6
2016,2,La Pampa,12754,44654,4708,6225,547,68888,10,6
2016,2,La Rioja,16691,0,15,2,28,16736,11,6
2016,2,Mendoza,153321,13030,2576,29,1868,170824,12,6
2016,2,Misiones,59573,36145,77,5,15,95815,13,6
2016,2,Neuquén,51742,42370,1088,12466,2849,110515,14,6
2016,2,Río Negro,67031,28100,939,3300,1334,100704,15,6
2016,2,Salta,79438,24719,85,151,539,104932,16,6
2016,2,San Juan,48670,451,770,1214,908,52013,17,6
2016,2,San Luis,11432,1063,354,30,377,13256,18,6
2016,2,Santa Cruz,15453,2722,396,4996,2586,26153,19,6
2016,2,Santa Fe,336244,219088,2981,4744,1417,564474,20,6
2016,2,Santiago Del Estero,32101,3900,19,911,30,36961,21,6
2016,2,Tierra Del Fuego,22636,5707,665,1,2350,31359,22,6
2016,2,Tucumán,145486,2968,116,58,49,148677,23,6
2016,1,Buenos Aires,1583560,1200859,111231,21108,25757,2942515,0,6
2016,1,Capital Federal,454425,832126,36332,2284,12729,1337896,1,6
2016,1,Catamarca,26096,243,15,1,34,26389,2,6
2016,1,Chaco,56353,29994,211,52,41,86651,3,6
2016,1,Chubut,43967,834,916,13280,4803,63800,4,6
2016,1,Córdoba,350884,252346,674,5636,386,609926,5,6
2016,1,Corrientes,55454,28491,192,1354,45,85536,6,6
2016,1,Entre Ríos,113101,54948,146,6425,193,174813,7,6
2016,1,Formosa,21852,5420,5,1023,14,28314,8,6
2016,1,Jujuy,33481,6751,22,0,35,40289,9,6
2016,1,La Pampa,12754,41881,4536,6209,549,65929,10,6
2016,1,La Rioja,16645,0,16,2,28,16691,11,6
2016,1,Mendoza,153299,13030,2576,34,1871,170810,12,6
2016,1,Misiones,59538,33330,70,5,15,92958,13,6
2016,1,Neuquén,51702,36122,1085,12502,2850,104261,14,6
2016,1,Río Negro,66894,27312,937,3341,1338,99822,15,6
2016,1,Salta,78973,22741,73,132,507,102426,16,6
2016,1,San Juan,48670,451,770,1195,908,51994,17,6
2016,1,San Luis,11432,1042,354,27,377,13232,18,6
2016,1,Santa Cruz,15654,2723,396,5088,2426,26287,19,6
2016,1,Santa Fe,338052,204816,3014,4686,1428,551996,20,6
2016,1,Santiago Del Estero,32838,3900,19,911,30,37698,21,6
2016,1,Tierra Del Fuego,22636,4834,665,1,2350,30486,22,6
2016,1,Tucumán,144233,2165,116,74,49,146637,23,6
2015,4,Buenos Aires,1586343,1223603,103269,20397,25773,2959385,0,7
2015,4,Capital Federal,455427,879950,19818,2273,12758,1370226,1,7
2015,4,Catamarca,26180,242,15,1,34,26472,2,7
2015,4,Chaco,56818,29456,186,52,41,86553,3,7
2015,4,Chubut,43968,811,916,13521,4803,64019,4,7
2015,4,Córdoba,353530,266062,480,5613,385,626070,5,7
2015,4,Corrientes,55681,28178,177,1354,45,85435,6,7
2015,4,Entre Ríos,113983,53411,122,6427,194,174137,7,7
2015,4,Formosa,21734,5314,4,1023,14,28089,8,7
2015,4,Jujuy,32934,6933,22,0,35,39924,9,7
2015,4,La Pampa,12755,42705,4327,6205,374,66366,10,7
2015,4,La Rioja,16886,0,16,2,28,16932,11,7
2015,4,Mendoza,153293,13030,2572,38,1874,170807,12,7
2015,4,Misiones,60252,32533,48,5,15,92853,13,7
2015,4,Neuquén,51680,38902,1048,12934,2852,107416,14,7
2015,4,Río Negro,66851,27221,915,3407,1328,99722,15,7
2015,4,Salta,78744,22446,47,129,554,101920,16,7
2015,4,San Juan,48670,451,770,1230,908,52029,17,7
2015,4,San Luis,11432,1025,354,30,377,13218,18,7
2015,4,Santa Cruz,15614,2723,396,5261,2409,26403,19,7
2015,4,Santa Fe,339843,212911,2885,4596,1437,561672,20,7
2015,4,Santiago Del Estero,33582,4365,19,1139,30,39135,21,7
2015,4,Tierra Del Fuego,22636,4301,665,1,2350,29953,22,7
2015,4,Tucumán,144188,1653,116,88,50,146095,23,7
2015,3,Buenos Aires,1585467,1183894,113590,19989,25825,2928765,0,7
2015,3,Capital Federal,454815,871262,30974,2229,12788,1372068,1,7
2015,3,Catamarca,25801,242,15,1,34,26093,2,7
2015,3,Chaco,56282,28809,186,52,41,85370,3,7
2015,3,Chubut,43964,792,916,13408,4803,63883,4,7
2015,3,Córdoba,351692,264055,1450,5412,389,622998,5,7
2015,3,Corrientes,55792,27604,176,1340,47,84959,6,7
2015,3,Entre Ríos,113909,51945,122,6261,197,172434,7,7
2015,3,Formosa,21573,5264,2,899,14,27752,8,7
2015,3,Jujuy,32598,6895,22,0,35,39550,9,7
2015,3,La Pampa,12755,41886,4078,6195,557,65471,10,7
2015,3,La Rioja,16725,0,16,2,28,16771,11,7
2015,3,Mendoza,153299,13030,2572,42,1880,170823,12,7
2015,3,Misiones,59921,31635,46,5,15,91622,13,7
2015,3,Neuquén,47102,36620,1045,13051,2798,100616,14,7
2015,3,Río Negro,66806,27130,917,3415,1346,99614,15,7
2015,3,Salta,78064,21688,47,129,645,100573,16,7
2015,3,San Juan,48670,451,770,1231,908,52030,17,7
2015,3,San Luis,11432,1025,354,31,377,13219,18,7
2015,3,Santa Cruz,15540,2718,396,5226,2391,26271,19,7
2015,3,Santa Fe,337042,209673,4169,4426,1428,556738,20,7
2015,3,Santiago Del Estero,33886,4365,19,1097,30,39397,21,7
2015,3,Tierra Del Fuego,22636,8085,665,1,2350,33737,22,7
2015,3,Tucumán,142925,1135,116,88,50,144314,23,7
2015,2,Buenos Aires,1581770,1141052,115660,19268,26040,2883790,0,7
2015,2,Capital Federal,453178,858342,19786,2172,12806,1346284,1,7
2015,2,Catamarca,25387,242,15,1,34,25679,2,7
2015,2,Chaco,55767,27809,179,52,41,83848,3,7
2015,2,Chubut,43949,762,916,13055,4803,63485,4,7
2015,2,Córdoba,348130,255596,435,5199,386,609746,5,7
2015,2,Corrientes,55238,26553,157,1321,47,83316,6,7
2015,2,Entre Ríos,113378,49767,119,6031,197,169492,7,7
2015,2,Formosa,21097,5164,2,737,50,27050,8,7
2015,2,Jujuy,32183,5482,22,0,35,37722,9,7
2015,2,La Pampa,12756,40825,3719,6190,562,64052,10,7
2015,2,La Rioja,16463,0,16,2,28,16509,11,7
2015,2,Mendoza,153301,13030,2572,38,1882,170823,12,7
2015,2,Misiones,59179,29283,37,5,15,88519,13,7
2015,2,Neuquén,47078,34183,1044,12781,2799,97885,14,7
2015,2,Río Negro,66738,26268,916,3457,1348,98727,15,7
2015,2,Salta,77214,20297,47,129,580,98267,16,7
2015,2,San Juan,48670,451,770,1189,908,51988,17,7
2015,2,San Luis,11432,1025,354,33,377,13221,18,7
2015,2,Santa Cruz,15343,2707,396,4917,2400,25763,19,7
2015,2,Santa Fe,333117,204685,2877,4320,1389,546388,20,7
2015,2,Santiago Del Estero,33873,4365,19,1091,30,39378,21,7
2015,2,Tierra Del Fuego,22636,7927,665,1,2350,33579,22,7
2015,2,Tucumán,139944,479,116,88,50,140677,23,7
2015,1,Buenos Aires,1583135,1096836,134177,18754,28940,2861842,0,7
2015,1,Capital Federal,454934,841743,19334,1994,14716,1332721,1,7
2015,1,Catamarca,25033,241,16,1,41,25332,2,7
2015,1,Chaco,54952,26161,164,27,56,81360,3,7
2015,1,Chubut,45645,717,906,12540,5465,65273,4,7
2015,1,Córdoba,343883,247564,415,4645,450,596957,5,7
2015,1,Corrientes,54649,25372,129,1319,62,81531,6,7
2015,1,Entre Ríos,112363,47411,108,5943,245,166070,7,7
2015,1,Formosa,21022,4951,1,670,56,26700,8,7
2015,1,Jujuy,31505,5048,22,0,36,36611,9,7
2015,1,La Pampa,13143,39571,3215,6164,604,62697,10,7
2015,1,La Rioja,16282,0,16,2,33,16333,11,7
2015,1,Mendoza,152433,13030,2542,29,2126,170160,12,7
2015,1,Misiones,58262,26836,30,5,13,85146,13,7
2015,1,Neuquén,47518,32152,1024,12088,2960,95742,14,7
2015,1,Río Negro,66274,25217,907,3473,1462,97333,15,7
2015,1,Salta,76280,19781,47,129,574,96811,16,7
2015,1,San Juan,48441,451,755,1165,1007,51819,17,7
2015,1,San Luis,11414,1025,351,30,412,13232,18,7
2015,1,Santa Cruz,16215,2700,392,4772,2562,26641,19,7
2015,1,Santa Fe,328809,199037,2845,4239,1507,536437,20,7
2015,1,Santiago Del Estero,33813,4365,19,1020,35,39252,21,7
2015,1,Tierra Del Fuego,22291,7924,657,1,2583,33456,22,7
2015,1,Tucumán,137857,115,116,88,100,138276,23,7
2014,4,Buenos Aires,1575978,1070135,120528,17728,32038,2816407,0,8
2014,4,Capital Federal,455785,840224,17155,1962,15394,1330520,1,8
2014,4,Catamarca,25192,241,16,0,44,25493,2,8
2014,4,Chaco,55024,10918,31,0,62,66035,3,8
2014,4,Chubut,48539,697,891,12256,6159,68542,4,8
2014,4,Córdoba,345157,240452,419,3918,486,590432,5,8
2014,4,Corrientes,54754,9526,40,1315,75,65710,6,8
2014,4,Entre Ríos,112291,23027,57,5178,260,140813,7,8
2014,4,Formosa,21245,4896,1,0,65,26207,8,8
2014,4,Jujuy,31349,4583,22,37,11,36002,9,8
2014,4,La Pampa,16043,34281,514,5894,648,57380,10,8
2014,4,La Rioja,16352,0,17,0,33,16402,11,8
2014,4,Mendoza,151797,13030,2534,31,2222,169614,12,8
2014,4,Misiones,58435,18613,16,150,15,77229,13,8
2014,4,Neuquén,47721,31778,1014,11853,3030,95396,14,8
2014,4,Río Negro,66307,23703,901,3819,1530,96260,15,8
2014,4,Salta,76026,17289,48,6,578,93947,16,8
2014,4,San Juan,48653,451,740,1202,1073,52119,17,8
2014,4,San Luis,11419,926,355,24,423,13147,18,8
2014,4,Santa Cruz,17553,448,388,4395,2929,25713,19,8
2014,4,Santa Fe,335267,183009,3205,6282,1634,529397,20,8
2014,4,Santiago Del Estero,34110,4231,19,920,37,39317,21,8
2014,4,Tierra Del Fuego,21948,3664,655,1,2722,28990,22,8
2014,4,Tucumán,137093,97,116,13,105,137424,23,8
2014,3,Buenos Aires,1562533,1110628,124474,20049,31881,2849565,0,8
2014,3,Capital Federal,450155,833402,17886,1995,14387,1317825,1,8
2014,3,Catamarca,24380,244,15,0,47,24686,2,8
2014,3,Chaco,53321,10336,29,1,59,63746,3,8
2014,3,Chubut,49219,668,882,11853,6515,69137,4,8
2014,3,Córdoba,340212,240334,444,4064,377,585431,5,8
2014,3,Corrientes,52957,9184,31,1312,65,63549,6,8
2014,3,Entre Ríos,108907,22440,48,5203,135,136733,7,8
2014,3,Formosa,21021,4836,0,0,80,25937,8,8
2014,3,Jujuy,30128,3541,22,37,13,33741,9,8
2014,3,La Pampa,16051,33940,538,11219,677,62425,10,8
2014,3,La Rioja,15864,0,14,1,37,15916,11,8
2014,3,Mendoza,150120,13030,2512,40,2222,167924,12,8
2014,3,Misiones,56933,18373,4,3,14,75327,13,8
2014,3,Neuquén,54458,30964,1000,12858,3087,102367,14,8
2014,3,Río Negro,65264,26590,888,3533,1505,97780,15,8
2014,3,Salta,73828,18394,43,109,580,92954,16,8
2014,3,San Juan,48272,451,731,1199,1126,51779,17,8
2014,3,San Luis,11303,925,355,25,438,13046,18,8
2014,3,Santa Cruz,17862,492,385,4273,3098,26110,19,8
2014,3,Santa Fe,325577,183630,4407,6540,733,520887,20,8
2014,3,Santiago Del Estero,32820,3900,19,768,41,37548,21,8
2014,3,Tierra Del Fuego,21840,3469,650,1,2832,28792,22,8
2014,3,Tucumán,131739,97,117,13,100,132066,23,8
2014,2,Buenos Aires,1568881,1025490,120008,17020,33147,2764546,0,8
2014,2,Capital Federal,447637,828411,17729,1883,14555,1310215,1,8
2014,2,Catamarca,24380,243,17,0,43,24683,2,8
2014,2,Chaco,53321,9870,30,0,58,63279,3,8
2014,2,Chubut,51070,649,866,10960,6974,70519,4,8
2014,2,Córdoba,337825,234729,351,3673,374,576952,5,8
2014,2,Corrientes,52883,8680,31,1309,55,62958,6,8
2014,2,Entre Ríos,108900,21706,49,4795,133,135583,7,8
2014,2,Formosa,20894,4628,0,0,78,25600,8,8
2014,2,Jujuy,30128,4161,23,40,9,34361,9,8
2014,2,La Pampa,15957,32600,513,5869,689,55628,10,8
2014,2,La Rioja,15864,0,14,0,34,15912,11,8
2014,2,Mendoza,148979,13030,2480,36,2282,166807,12,8
2014,2,Misiones,56933,17594,4,150,8,74689,13,8
2014,2,Neuquén,47767,29776,997,10765,2983,92288,14,8
2014,2,Río Negro,64920,24944,876,3657,1560,95957,15,8
2014,2,Salta,73841,17504,45,7,577,91974,16,8
2014,2,San Juan,48161,451,722,1139,1173,51646,17,8
2014,2,San Luis,11306,925,354,22,448,13055,18,8
2014,2,Santa Cruz,18956,448,381,4118,3266,27169,19,8
2014,2,Santa Fe,324101,178495,3085,6041,636,512358,20,8
2014,2,Santiago Del Estero,32820,4231,19,907,34,38011,21,8
2014,2,Tierra Del Fuego,21618,3008,648,1,2934,28209,22,8
2014,2,Tucumán,131740,97,121,13,98,132069,23,8
2014,1,Buenos Aires,1567685,1000879,120960,16528,33824,2739876,0,8
2014,1,Capital Federal,445569,820161,17767,1866,14555,1299918,1,8
2014,1,Catamarca,24126,46,17,0,43,24232,2,8
2014,1,Chaco,52971,9497,30,0,58,62556,3,8
2014,1,Chubut,51066,539,866,10776,6974,70221,4,8
2014,1,Córdoba,336841,225769,347,3585,368,566910,5,8
2014,1,Corrientes,52565,8279,31,1306,55,62236,6,8
2014,1,Entre Ríos,107883,21379,49,4887,133,134331,7,8
2014,1,Formosa,20774,4548,0,0,100,25422,8,8
2014,1,Jujuy,29765,4030,23,0,9,33827,9,8
2014,1,La Pampa,15826,31305,513,5848,701,54193,10,8
2014,1,La Rioja,15663,0,14,0,34,15711,11,8
2014,1,Mendoza,148970,12076,2480,37,2282,165845,12,8
2014,1,Misiones,56597,17191,4,150,8,73950,13,8
2014,1,Neuquén,47790,28161,997,10381,3051,90380,14,8
2014,1,Río Negro,64886,24156,876,3576,1572,95066,15,8
2014,1,Salta,73131,17538,45,8,568,91290,16,8
2014,1,San Juan,48161,434,722,808,1173,51298,17,8
2014,1,San Luis,11306,428,354,21,448,12557,18,8
2014,1,Santa Cruz,18927,100,381,4092,3264,26764,19,8
2014,1,Santa Fe,322662,174296,3059,5951,644,506612,20,8
2014,1,Santiago Del Estero,32567,3598,19,915,34,37133,21,8
2014,1,Tierra Del Fuego,21618,2837,648,1,2934,28038,22,8
2014,1,Tucumán,129717,83,121,13,98,130032,23,8
